-14.185569;-0.55885464;-4.8120985;-8.944141;0.5597964;-7.3969135;-4.5704384;-1.5073178;-5.8981533;-0.51185566;-13.131224;-0.8553333;-12.559204;-13.113364;-3.7228901;-6.996265;-4.355891;-13.570178;-8.595466;8.090692;1.1053412;-17.30979;-9.223164;-1.0021971;-16.764519;-6.609514;-12.278517;9.655378;
-17.552862;-10.75511;-3.340788;-12.307384;-4.049492;1.8346432;-4.30714;-10.47229;5.297043;1.1048027;-27.290455;-1.3186831;-3.5560756;0.9624256;7.2925644;-4.747293;0.0079482235;-19.511494;-1.6205893;-2.8939376;-0.40932155;-10.837861;-8.211975;-3.2253451;-22.14248;-14.530929;-12.524858;19.010323;
-12.352818;-7.77433;0.81257915;-8.096624;-5.3459005;4.6918855;-4.596321;-10.978794;-0.89655817;4.7691197;-24.50638;-2.5107658;0.3164244;5.312776;0.9596958;-1.9146141;0.0810875;-15.527205;-0.7097128;-4.6157627;1.7398164;-7.118574;-3.1842854;2.1616466;-15.065741;-6.40525;-8.397829;17.160759;
-12.323875;-4.9270105;-2.6429653;-9.515664;-6.100582;1.3002522;-5.656396;-11.269407;-2.560465;6.457866;-21.712387;1.5698392;-1.0255625;1.8420244;-0.9965644;0.03175921;-1.2167503;-20.464985;-2.5221488;-1.9836891;2.0023565;-9.379048;-5.80713;-0.39905828;-9.577747;-9.564264;-12.428696;19.355577;
-12.890463;-3.9022465;-2.0648725;-13.634721;-5.617097;0.7535956;-2.7515712;-15.101792;-4.0171075;5.457618;-24.636488;0.45145035;-0.2913398;-0.96755797;-3.5923111;2.3538222;-0.64997995;-20.180794;-2.8612711;-1.2437546;1.3731755;-8.626701;-4.890354;3.1466136;-11.715356;-7.8353434;-11.336375;21.356016;
-12.137458;-2.6405773;-1.2493939;-15.780139;-7.363883;0.51670617;0.4523543;-16.216808;-5.4752903;5.048596;-24.957071;-2.7404008;0.62652105;-2.1082716;-4.0673575;3.0927463;-1.0620509;-18.9615;-3.2519782;0.18727207;-0.7949872;-5.8579564;-3.3916442;3.621548;-11.70238;-5.737495;-10.731697;22.384108;
-11.149985;-1.8840644;-1.3917918;-16.119066;-8.258586;-1.3129172;2.7169464;-15.86831;-5.1196985;6.4889884;-26.266577;-3.3835392;1.8894575;-4.0037293;-3.706433;2.737541;-0.7708084;-16.965027;-4.678103;0.42784658;-1.6624849;-5.291435;-3.494836;3.2431638;-10.884452;-5.439581;-8.822717;22.637241;
-10.408717;-2.0786805;-0.7322253;-16.918537;-8.676263;-0.4011714;3.8435128;-16.324114;-4.6161885;6.314995;-27.397476;-4.5383916;1.6870861;-3.9480531;-2.8131757;2.9403577;-1.3134285;-17.265265;-5.0870647;1.3666604;-2.4814196;-4.8212285;-2.3347406;2.064944;-12.144136;-4.8045225;-7.541173;22.114248;
-11.036027;-2.669701;-0.15882897;-17.27275;-7.0910606;0.8987986;3.5664694;-16.482862;-3.4431095;5.263237;-27.42745;-4.515099;-0.009928331;-3.2565541;-2.6397018;3.8025692;-1.2760111;-16.925575;-4.3176365;1.4203877;-3.206925;-6.252237;-3.5239844;1.7436609;-12.909758;-4.1960773;-9.900397;21.544224;
-9.9539;-2.4904323;0.82764995;-16.464846;-7.3098345;0.61653495;1.9477706;-16.485332;-4.2249928;4.974403;-24.379656;-4.6712866;-0.046268016;-2.4966547;-2.670047;4.9344306;-1.335924;-14.971603;-3.2665431;1.5907397;-3.1427264;-8.1770735;-4.777175;3.6489816;-11.430743;-3.5480707;-10.235312;20.614674;
-10.340299;-1.3931056;4.089399;-15.206203;-5.54519;-1.5733799;1.1973228;-13.868923;-4.5411367;2.7432513;-24.570402;-5.1105456;-3.4349427;-2.097581;-1.5142648;4.4840217;0.32182887;-14.669076;-1.57074;2.1752267;-3.5828304;-7.3759475;-2.907194;3.6734023;-12.197011;-3.8140078;-10.153526;19.947075;
-9.888815;-1.786378;1.1108361;-16.833836;-7.8864737;1.7599913;2.772797;-14.829252;-7.4452095;3.139546;-25.082178;-12.661091;-1.8045413;1.9028374;-0.29860103;3.208358;1.2678356;-14.702253;-7.2222314;2.5972812;-4.584674;-5.802984;-0.18349683;6.198097;-16.787588;1.0474918;-15.30119;21.87536;
-5.233411;-6.692602;-0.09468371;-16.092318;-9.344521;5.098883;4.14957;-12.658579;-12.934844;4.415481;-27.560892;-21.407747;-2.996825;-0.27719796;-1.8320104;1.1562485;-0.028477218;-10.526362;-10.242764;-1.2995617;-6.2010255;-7.2634716;-0.34820873;6.9845133;-27.780468;3.0359206;-26.911015;24.241007;
-1.6989036;-8.150521;2.144326;-14.452498;-9.3514;7.6152177;5.2798185;-11.073561;-10.316452;0.66337585;-32.137566;-25.692766;-5.319728;-2.5101583;-3.2135298;0.6826617;-2.5398676;-5.8989677;-10.06751;0.4397228;-6.483908;-12.515215;0.88510704;3.9763706;-35.44305;2.5372062;-27.137014;27.132996;
-6.8676577;-3.5728755;3.7845469;-9.991781;-10.5664015;4.161818;0.12969255;-8.02461;-7.533476;1.7846774;-26.733614;-14.597848;-0.62302953;-2.4907296;1.2466264;1.2470406;-6.624071;-5.1051517;-5.6465597;3.2264574;-1.8958769;-6.6832447;0.3201841;2.1993663;-34.21378;-0.3537832;-23.30257;24.33098;
-9.2009535;1.0718914;-3.8826983;-7.7648473;-7.2060776;1.4337398;-4.9098687;-8.913926;-5.703059;2.3714304;-23.841524;-13.478972;-2.2876718;-8.54214;5.6169033;4.2839518;-12.31974;-9.027688;-4.1897354;3.356348;-3.4466848;-5.748992;-5.4115777;2.0149937;-36.66644;-0.2010333;-18.715725;21.023214;
-10.281085;3.0591054;-7.396619;-9.488349;-7.9381647;2.4373674;-4.7136602;-15.052596;-3.8171077;0.77346635;-19.79625;-13.276191;-0.10952151;-7.883513;4.478856;3.6950283;-8.65983;-14.186287;-3.175469;-0.8551064;-1.0020652;-10.107414;-6.997213;2.6791198;-33.697166;4.2669806;-19.9396;20.842863;
-11.330618;0.67228377;-7.26938;-10.331632;-7.8257713;2.9989333;-3.2349555;-16.629084;1.7799721;-1.169121;-22.778019;-10.174389;0.61068386;-4.157324;2.9634917;4.473665;-0.44909516;-17.907024;-0.05080229;-5.3138924;1.0789006;-11.457799;-4.6519995;0.40799466;-25.174398;2.6517618;-18.779387;18.76355;
-12.061731;-0.710061;-1.3804649;-11.6983795;-7.5325785;5.3465037;-3.1308436;-15.372447;-2.2527366;0.27442735;-28.052471;-6.4104357;-3.534801;-0.9679922;1.46711;5.8521457;1.4677784;-16.404861;1.0699863;-9.889486;-0.5329385;-9.026363;-3.2182527;5.0355973;-31.082407;2.7815657;-21.385033;19.369;
-2.863039;-2.3452559;4.257159;-14.788853;-3.3698046;3.122836;5.9095173;-17.12108;-11.479296;-2.5400186;-31.788048;-14.361374;-6.4283595;3.1533933;4.3974757;5.6671605;1.9834003;-17.645004;-4.0096674;-3.115636;-0.17137408;-14.224719;0.8288672;7.951276;-29.38834;7.4965963;-25.79038;22.50421;
6.1256924;-4.315465;6.2129526;-17.441576;-5.957882;-0.88505715;4.5059953;-15.09298;-16.265284;4.382173;-28.381392;-26.28964;-11.273378;2.756561;-2.932289;5.5964828;-1.6831602;-20.856699;-9.673602;-2.1001742;-3.8433685;-12.20074;-1.3571093;0.59724903;-41.867146;4.605208;-31.536402;27.845222;
7.1984367;-2.6874385;6.486584;-10.7182665;-9.316357;-3.7141562;-4.4622045;-9.917989;-8.369601;1.1150576;-25.422379;-21.31656;-12.937949;4.051798;-5.992728;1.9995445;4.6646166;-25.498451;-3.1160781;2.9442265;-3.0484018;-11.170501;-1.436362;6.675572;-40.17088;-9.25095;-28.491272;25.791168;
-3.9749842;-1.8382013;9.055108;-6.721854;-14.118002;-2.6839037;-4.7909064;-0.96438843;-0.08583087;-0.9593205;-15.991741;-12.1099615;-8.395753;10.56804;-2.9446154;-0.54956967;6.7376285;-28.771482;10.861824;1.8751314;-8.30838;-5.2693725;8.30468;8.815575;-28.533018;-12.785252;-18.443502;20.617653;
-9.9214525;2.5770216;11.730253;-4.396233;-13.226757;-1.912892;-7.265861;11.794017;0.7471695;2.124484;-14.523353;-18.706234;-9.365039;11.767896;-13.663547;-2.7772162;8.9488735;-30.87961;19.373543;-10.575575;-14.47127;-5.6820507;13.956791;5.3486176;-13.747095;-9.922566;-22.454767;23.779121;
-13.357548;7.786383;7.655751;-8.734067;-7.865573;1.371868;-16.9643;13.31582;-0.1249271;12.386801;-13.720876;-18.897202;-8.326293;-0.3569821;-24.54229;1.0021262;5.3113823;-30.621584;27.914534;-25.98586;-16.591656;-11.9945755;9.585093;-0.19390714;-12.763302;-9.813004;-33.59042;27.436691;
-23.914156;19.021711;7.463182;-8.589449;-10.146033;10.32185;-20.859201;7.4066515;-3.547078;22.995846;-9.930431;-16.296867;-11.886215;-9.411994;-29.995625;8.858052;7.3122997;-27.778496;34.427723;-30.932598;-14.342285;0.30309546;3.1318035;-2.1296973;-21.407707;-4.4267364;-35.663208;18.430544;
-17.228716;19.374372;6.857083;-6.5595493;-7.5580063;9.295425;-22.012854;4.206619;-4.015279;12.918556;0.5689417;-18.110409;-5.4188776;-14.985611;-23.595186;2.8231533;2.2555773;-32.228195;44.64219;-35.041775;-12.176064;4.3841505;1.1653352;-0.47000754;-29.235065;-3.58592;-33.27334;19.71078;
-11.502956;17.033482;7.767008;-2.5671942;-4.0371795;9.562891;-26.165018;1.3249867;1.0117238;7.8895535;-10.550142;-9.425891;-0.8639795;-14.147386;-19.87541;-6.6930285;-0.6755492;-24.151371;39.899586;-28.66832;-2.0797298;0.14468122;1.3077359;4.090934;-13.890115;-4.5804543;-24.430962;19.466808;
-10.88459;11.458027;7.573982;-3.977595;-6.445362;15.427264;-14.958071;-1.9043453;9.20266;2.9225364;-27.000463;-9.347629;2.1437936;-17.688705;-16.364645;-5.678635;1.4706454;-18.219378;21.301985;-24.852116;-2.6770945;3.8362126;2.6913261;-5.35873;-21.034048;2.6924696;-33.92346;20.350765;
-7.3545303;18.432732;-9.499946;-8.652857;-4.031111;21.553806;-20.377945;-3.021844;-2.9865148;11.900859;-20.669144;-14.921394;-5.501156;-24.092775;-15.650978;3.0277166;-11.210616;-9.412633;9.280558;-23.863657;-8.842644;10.180372;-5.8158207;-5.7740016;-30.732763;20.491232;-23.61539;10.736424;
-2.7458868;14.913124;-8.508753;-10.233092;0.89547634;6.697338;-24.466253;-7.9337397;-8.286843;11.51999;-28.290152;-8.345928;-2.3967621;-20.503641;-3.2966635;-1.5364833;-22.15906;-6.191463;6.5727234;-9.135437;-10.786663;5.7448883;-16.440979;-4.7059345;-28.627151;19.528973;-19.161537;20.641703;
-9.543888;8.025504;-7.2681584;-5.8456497;0.6346438;-2.8614235;-22.702036;-0.5287686;-4.936681;12.963283;-25.340853;-13.370159;2.3463361;-13.635439;-0.99954903;-3.8133779;-22.028667;-4.8941;2.7626116;-11.106666;-5.649382;1.0703077;-15.241077;-4.7630253;-21.320711;16.613062;-19.697926;20.534388;
-11.315497;7.776876;-4.4223843;-3.2957928;1.7137699;-6.2220354;-16.984001;7.616153;3.4688013;6.051437;-20.824678;-9.119253;-3.5528963;-16.94594;0.06077276;-4.6578;-23.324587;-6.000247;1.8371139;-4.083755;-3.153061;-2.3926144;-10.704562;-3.1867924;-21.290482;7.6685495;-12.297122;21.013695;
-9.802853;8.729168;2.518466;0.47673112;0.5108868;-7.1106157;-13.288696;13.139974;3.261589;3.041161;-19.615757;-2.5852046;-2.051164;-12.886386;-1.5881537;-4.381904;-22.678324;0.46846902;-1.4143693;-0.16041404;-2.5660996;-1.2269325;-6.005954;2.995818;-21.224495;1.5583;-10.968927;19.597626;
-13.233818;9.565428;-1.4677218;1.0348448;0.9840199;-6.048174;-16.452984;18.682686;3.1128528;0.5840724;-24.124825;-3.2124283;-4.5457683;-17.098015;-3.631993;-2.0649977;-30.30824;-5.3813667;-5.348948;-0.37000436;0.058407545;-0.23567206;-10.489354;4.70992;-26.439785;-5.9706836;-13.044195;17.732317;
-17.842834;6.3739753;-4.734353;7.411945;0.41485;-5.9678645;-15.633875;23.721762;9.002362;-1.8669646;-20.443426;4.5061293;-5.1085835;-20.349003;-4.6725326;-7.4397216;-28.35625;-5.694754;-4.964214;0.4486107;5.307839;-0.83052075;-12.5507;-5.7408447;-21.659655;-16.52148;-10.569181;15.893187;
-24.008152;-4.115438;-7.735455;10.045209;-3.3223417;-0.8704653;-15.544262;24.128452;14.41161;-9.113984;-19.376793;6.7856197;-5.6672554;-15.435774;-6.5044684;-9.469099;-21.942951;-11.022102;-2.4130883;-2.7170231;7.920153;-2.817172;-13.737215;-16.832386;-26.453602;-24.30541;-15.637616;17.490967;
-26.557362;-9.668953;-9.897646;10.145184;-1.7726139;3.633213;-13.141893;18.412779;13.933231;-15.625765;-22.867397;5.865344;-6.196111;-8.140383;-4.192928;-9.59709;-15.164526;-16.3515;-6.964994;-7.4713144;13.163193;-6.181035;-12.330247;-23.147488;-30.503328;-17.74067;-22.18014;17.435932;
-19.332954;-9.153767;-8.83962;3.263815;2.1934736;8.74052;-14.36121;3.9090068;7.281255;-15.202793;-24.020575;3.649188;-3.7668157;-2.6184561;-4.055857;-10.6783495;-11.922536;-17.590324;-12.578379;-11.337054;15.172306;-11.196823;-11.466749;-20.94855;-26.490625;-3.4074295;-27.234951;19.582464;
-9.84852;-7.5535073;-11.105155;-3.3365602;-0.1588862;14.457268;-11.29147;-4.2808623;-0.5026043;-12.529976;-18.843983;-2.115163;4.111297;3.4213028;-6.159155;-8.774872;-10.073484;-22.120571;-11.408589;-11.166678;7.016024;-9.775239;-3.6145453;-17.836273;-20.534359;1.08306;-24.0854;24.358667;
-1.9001029;-8.104175;-14.171737;-5.173057;-0.13675407;12.785106;-9.351352;-0.16344565;-4.8526564;-5.6841125;-10.63165;0.31452584;4.858013;3.2848186;-7.652469;-7.305228;-8.89556;-26.970383;-11.859259;-4.976648;1.2028028;-14.302143;0.3941158;-18.808867;-13.919919;-3.9843;-18.701006;25.050455;
13.381446;-8.29038;-12.041582;-5.9194775;-3.5247867;4.7207108;-12.669538;-0.013914645;-6.750127;0.42105407;-5.36274;-0.5935489;1.1771252;2.9588208;-7.217524;-5.7098026;-10.322507;-18.542645;-17.49836;0.3542831;-1.313889;-13.21054;-1.335598;-19.416744;-19.515661;-5.918628;-16.190239;24.306938;
18.197924;-12.623125;-14.261727;-3.4442673;-7.0059385;0.33326375;-16.869585;2.1804016;-1.3781615;5.549922;-5.1126404;1.9496839;0.60870486;0.47944534;-4.1078577;-8.039566;-12.127847;-9.086367;-19.533466;2.3827112;0.25492537;-6.891311;-5.0360713;-14.396536;-27.702715;0.09141654;-15.853829;20.865305;
12.454182;-9.013689;-13.994341;-2.0138378;-7.3817987;-1.5483145;-17.464682;3.0750973;3.8536527;3.8246126;-3.9539685;5.6274548;8.991555;1.9562303;-5.0447836;-8.759068;-8.536028;-0.8262377;-14.652887;-3.546907;-1.049819;4.608273;-5.714676;-10.2017975;-30.634872;7.170248;-16.548714;16.714321;
-0.35890263;0.8535013;-13.659287;-1.2951614;-5.2629366;2.4252682;-17.149412;2.7453215;2.4354725;5.215564;-1.344668;-3.2417464;7.6614723;-2.9614165;-7.522546;5.0547786;-9.633431;-2.7531013;-12.479259;-6.723263;-3.8744278;12.3622265;-7.9047766;-8.171787;-34.65955;8.741498;-23.974314;14.395725;
-8.381139;8.227267;-16.922482;-3.0711005;-7.7058916;12.890655;-16.978909;-4.4148936;1.0436085;9.450409;0.3999474;-11.667975;1.4568439;-9.3085575;-13.080553;10.787456;-15.46775;-4.891475;-10.022783;-7.992557;-10.790831;18.202686;-11.55537;-13.083022;-40.44106;2.8852224;-32.81368;15.96712;
-10.387237;12.265389;-23.667986;-9.646606;-12.206644;16.860926;-18.432682;-7.151758;-7.2022104;17.366844;2.5824027;-15.251888;-3.6727982;-19.805094;-16.065546;17.892313;-23.55435;-7.9011626;-11.061726;-9.095607;-14.691118;29.066057;-18.572998;-18.217257;-36.148823;4.934147;-31.114752;11.674556;
0.38171184;-1.6655667;-22.429556;-12.350548;-9.537285;0.82669866;-14.97662;-2.6558583;-12.709612;9.3249445;-12.367259;-12.832761;0.52679086;-19.809166;-10.025024;1.2581474;-27.319555;-11.657631;-11.135156;3.0312243;-11.817364;21.800083;-20.825306;-12.431364;-40.060097;-2.0584526;-40.369087;19.402323;
-2.035561;-2.4210496;-18.566769;-11.144695;-11.908487;1.7038177;-8.6181965;-4.6882744;-0.7617297;2.2923007;-23.929615;-14.136124;3.8659933;-11.538016;-10.373631;3.695606;-18.812733;2.693615;2.7206917;1.1930265;0.351501;19.141348;-11.570694;-1.0653465;-43.39776;-11.359676;-30.281408;20.863516;
-4.338475;-0.29352757;-14.759812;-8.846399;-11.793124;6.7399025;-4.321572;-8.761169;6.7932796;-0.11864407;-27.271788;-14.183285;12.931584;-5.105263;-8.600536;1.0069633;-12.276718;-0.7601497;8.869528;-6.110298;1.5836241;8.939224;-3.8273008;3.507545;-49.1639;-11.538528;-27.437243;17.576628;
-3.5905583;1.2743801;-9.624852;-7.979524;-9.051771;5.6603703;3.029829;-6.1734376;6.5176115;3.6984582;-28.730648;-10.792039;14.385991;-4.4369826;-3.1188965;1.3039762;-8.926332;-3.6854315;9.940781;-8.361232;0.78843904;3.6197824;2.540591;-4.228856;-44.600636;-11.299382;-21.14452;14.60997;
-0.8295587;1.8559006;-6.9093423;-4.974355;-5.239311;6.1548486;-0.22296748;-4.1393223;5.328517;1.7188154;-25.061111;-6.114819;17.41352;-2.3737311;-2.3272488;1.864456;-6.838783;-6.53274;10.193833;-6.4657617;0.93514985;2.7567244;-0.5501766;-10.477106;-44.001816;-11.9609995;-15.165862;13.02601;
3.4329588;1.2250335;-6.364437;-4.0992312;-2.5420787;7.177666;-2.041278;-5.3185325;0.34726727;-1.45039;-23.798672;-7.7376356;16.848934;0.8523347;-2.3916466;3.4511006;-6.3421054;-9.105381;11.265123;-3.1945262;-2.126402;0.14151132;-1.4823937;-8.899856;-41.917503;-9.432508;-14.646463;13.198299;
7.8715143;1.6360646;-6.471472;-4.840391;-1.3884156;8.153594;-3.634359;-5.0573044;-2.3909667;-4.2957006;-19.92163;-9.966763;12.871694;2.8849804;-1.7972971;3.1379068;-3.4895346;-13.3681;10.262639;-2.0205774;-3.495006;-0.026719213;-1.1048075;-1.1789328;-35.139824;-6.7381144;-15.070455;14.286486;
9.9641485;2.0556006;-7.0582147;-4.5550294;1.0996913;2.686304;-0.89116615;-4.601401;-5.0804405;-4.3994145;-19.33025;-4.058694;8.439254;3.436194;2.3022935;-0.45550206;1.8294274;-17.149706;6.61884;-5.3784866;-0.70452285;-2.1670356;4.2735662;1.9983665;-31.331074;-0.38339263;-17.028639;16.093771;
8.325096;4.3797092;-5.620354;-2.0135663;1.5653695;1.6212776;-3.2463071;-2.0602803;-2.880657;-2.639802;-17.802563;-2.4345767;4.2936563;5.0385866;3.5832658;-1.9263314;3.8551378;-17.25436;9.6206;-6.3688526;-2.5479984;-5.2529516;4.8080263;2.1436434;-29.642075;2.1310017;-19.31379;17.121155;
8.896255;7.2833805;-9.201606;-1.3489901;-0.90391254;3.7169394;-10.6409645;-2.6641464;2.722339;-1.7194046;-19.0952;-6.3091793;0.2670433;6.1834307;3.0522811;-1.1710352;-0.099230796;-17.07356;8.604761;-8.827826;-3.7189126;-4.2318454;2.0103543;1.8675216;-32.500435;-0.10683018;-24.904755;17.005804;
5.786413;9.290439;-12.208068;-2.88818;-5.1476784;7.9270186;-15.226893;-4.833873;3.4991834;0.27149928;-19.9522;-13.276916;-2.210087;3.179402;1.0706034;5.9418683;-3.5932946;-13.98256;10.158629;-13.045944;-8.220413;1.2439198;-3.0779324;-0.44218507;-36.64397;-0.76868707;-31.467295;16.164461;
1.3042765;16.40708;-17.731483;-7.061338;-13.225249;13.292853;-19.065321;-7.533781;-1.556663;8.680349;-19.830622;-19.806297;-3.255532;-2.1602838;-1.7525609;12.447107;-7.648008;-12.413206;15.744421;-18.893337;-15.979349;8.798466;-9.603831;-8.751542;-38.289387;2.8240876;-33.74112;10.819592;
4.112007;11.657866;-17.069572;-5.98451;-14.756168;6.1546216;-20.92964;-5.5106483;-2.2967138;6.7262535;-22.270966;-19.46784;-5.2520533;-1.1589669;-2.7111256;2.5655267;-7.9629874;-10.16492;23.2188;-23.34615;-14.9053955;7.407674;-10.489482;-12.089881;-38.483753;-3.7424347;-35.476883;14.56202;
1.1888447;3.5507412;-10.569347;-6.6989484;-10.343636;6.404618;-21.992472;-1.7669964;-0.16838694;5.452255;-24.185457;-16.73832;-10.219064;-0.017171249;-4.4064407;-1.764309;-9.017562;-13.3790865;23.698675;-21.343845;-10.775452;1.8599316;-8.241873;-11.129272;-39.58719;-5.1439066;-32.226364;16.60233;
3.0516305;0.7358923;-3.2351596;-8.703117;-3.8014874;7.117063;-19.630836;-1.2094784;-2.2390366;5.634198;-27.866638;-14.891066;-12.534137;-1.6983558;1.1990491;1.4023064;-9.393608;-15.659917;11.002211;-21.117939;-5.1665354;-5.1073084;-9.201619;-10.561973;-40.055954;-4.643474;-26.65424;18.506937;
4.7886543;2.3828406;-1.1652548;-8.487103;-2.0475662;2.9219022;-15.3864975;-1.5525296;-5.0346174;0.27047104;-30.500128;-12.15806;-13.945513;-2.5722868;2.6096587;-0.49097425;-7.4847474;-13.035976;0.49493998;-15.547702;-2.3940241;-8.184395;-8.653269;-6.6041965;-42.336376;-5.1257076;-24.747665;18.74618;
6.350686;1.7580663;0.15825172;-7.971802;1.9061677;0.17106503;-12.634376;2.2208471;-4.060403;-2.0095081;-24.915142;-7.807862;-10.651551;-3.8115485;1.1339953;-4.900759;-3.725714;-11.134433;-2.371719;-12.722024;0.026530743;-6.8764033;-9.167089;-1.3214548;-35.799534;-6.022541;-22.353199;19.358377;
6.4751844;-0.16681129;1.9788349;-10.586694;5.353326;1.379225;-11.940371;3.238926;-0.65984714;-0.5181204;-21.080584;-3.547476;-9.5942745;-4.8864655;3.5328796;-3.532687;-1.5374955;-11.977542;-0.602042;-11.793321;5.5334177;-7.6591096;-5.981765;-0.21718496;-29.099232;-5.2871885;-23.808681;19.393215;
4.564868;2.1814508;1.4832082;-12.014222;2.8877287;4.4380527;-11.825253;1.0435033;2.4723346;2.625988;-22.563482;-2.2407603;-8.242225;-7.7075133;2.7622669;-1.6527523;-3.8384798;-13.249557;-0.5667435;-11.0670185;7.316154;-5.113613;-4.125023;-1.467051;-25.385973;-8.639713;-21.824816;17.796898;
-4.4648156;7.5672054;-1.7166562;-12.31271;0.23879325;5.4040165;-10.558762;1.6761928;2.705563;2.8876872;-27.907074;-5.713005;-4.960534;-7.038265;4.489549;-2.956268;-5.15747;-11.2393265;-2.0649946;-11.221103;4.4734926;-1.3025331;-4.936181;0.004903756;-28.2543;-7.097196;-18.80341;19.117273;
-7.1430664;9.894272;-3.2522173;-4.399821;-2.3471537;3.4965086;-6.7546167;1.9424007;-0.7299895;3.6293359;-22.677595;-7.0923996;-4.273081;-9.5821495;4.318595;-3.4254255;-3.884824;-10.679244;2.9654915;-3.3939192;3.1689866;-3.9481897;-2.9420547;0.099533975;-28.045284;-8.554502;-18.544157;19.888676;
-10.916607;5.663376;-6.0419;-1.6390612;-2.1146336;3.8393855;-1.9282722;2.6728106;-1.9137336;2.6752748;-17.697046;-6.632192;-5.965925;-9.536867;4.968285;0.19911371;-6.6623716;-13.052693;3.0512671;-2.889902;7.5532007;-4.8588595;1.5660543;2.2530732;-25.98606;-7.4577312;-20.842772;19.44398;
-10.180515;2.8134184;-3.2677014;-2.42797;2.8341095;6.350344;-2.353018;2.3967395;1.8405595;-0.95116043;-14.153276;-4.058667;-9.818665;-7.4130745;6.008352;2.5928202;-2.5670893;-14.505882;-3.3245928;-3.325343;12.3693905;-8.05118;2.2197149;-2.4978998;-22.952492;-6.781722;-19.346453;17.93553;
0.6496067;3.2119532;-4.363092;-1.3336662;6.3991613;10.848434;-6.062032;-0.90726596;4.9698553;-4.9111557;-13.981529;0.08324027;-5.2717023;-2.5956159;3.5069158;2.4049299;0.51893836;-12.72096;-4.0145907;-3.7552512;14.038635;-11.772701;0.39377666;-6.2525;-11.042295;-10.803793;-18.780367;16.49829;
17.27521;2.964332;-6.0476923;-4.7242165;7.0570965;9.007553;-9.116442;-6.8423696;-1.3571265;-5.728335;-19.976995;-1.809993;-2.34329;-0.82951015;1.4503853;-2.6863039;-1.1242722;-19.342113;-7.0116873;-2.2598486;11.535933;-21.586334;-1.9460727;-6.3286743;-16.641054;-9.810815;-23.605742;18.717852;
18.295704;1.634021;-4.629536;-5.8248134;3.8261611;0.29681033;-11.165594;-7.996641;3.1305585;-5.267676;-25.19996;0.08508772;5.1732926;0.59877706;5.593551;-8.466823;0.21088739;-20.816872;-6.4716334;-6.1473284;9.5733795;-20.900753;7.265156;-4.8540754;-26.479301;-7.0727477;-23.079958;19.773497;
7.8940735;5.8958035;-7.0096126;-11.728631;0.6247295;5.956279;-9.568831;-10.017491;8.588819;2.3514986;-26.624899;-8.181524;9.873865;-2.1080594;-1.1676935;-2.2523048;-1.8243524;-17.438078;-2.283818;-14.765624;-0.23923147;-10.59938;8.197495;-5.730886;-37.328728;-3.4120107;-25.940748;19.893293;
-2.4489734;19.478365;-13.476039;-12.549327;-6.578038;15.012581;-7.3908434;-16.44076;5.759371;11.826922;-22.879461;-19.38231;5.169512;-11.051198;-8.260648;7.2592926;-5.5231876;-8.289164;-4.398375;-22.780586;-8.963533;2.7814932;-3.069628;-13.231108;-30.919186;12.327675;-33.02912;14.482659;
-2.8391402;21.878874;-26.076399;-15.2375345;-9.482462;17.178295;-10.544093;-16.349155;-3.2537591;14.293622;-26.32866;-17.031683;5.828143;-18.381113;-8.205869;9.541666;-14.244469;-6.452416;-4.380881;-26.162834;-10.618216;9.149959;-12.468422;-11.898036;-35.072124;10.764599;-37.74738;16.263445;
-4.7374535;8.586209;-23.292171;-16.74659;-10.047952;5.476627;-1.0912751;-13.416535;-7.294778;7.0452547;-33.822525;-5.6556425;9.9635315;-17.569754;3.3500884;2.104482;-11.049327;-6.0583005;4.9746456;-18.828403;-4.6353126;8.550175;-13.428428;1.1246046;-35.687054;8.363153;-30.97201;22.050726;
-13.678657;5.379354;-18.77145;-9.114836;-10.92947;-0.22699568;3.4374292;-16.56182;-6.4102507;3.0159807;-34.293587;-5.2139745;-3.443638;-16.628174;2.4736288;11.828301;-7.0760612;-13.457654;6.1152873;-13.372345;-3.666266;1.0850811;-15.835839;0.19855967;-32.799862;10.395442;-17.950472;19.827093;
-14.516642;2.2567444;-13.72368;-0.25471053;-0.8244851;-0.9608927;7.475801;-11.277835;-6.470954;-13.425294;-31.83462;-3.2379513;-5.4113364;-15.102231;7.5426173;3.644075;-6.1711903;-10.264467;-2.3796623;1.1087685;1.5051758;-2.1506433;-12.942458;-1.2318983;-33.58755;9.40899;-14.641566;19.879185;
-4.1713862;2.2438698;-14.826426;5.198401;4.749383;1.806692;9.442951;-5.1911116;-11.307707;-15.543921;-32.237583;-6.017715;-3.5309398;-18.204128;2.869243;-0.95259523;-6.6498384;-10.960837;-6.1657705;5.631278;10.318514;-9.45599;-7.651959;-5.166909;-25.651768;3.6095738;-14.625986;20.08833;
-7.6990633;-4.383788;-9.241434;11.265787;5.6426363;1.3476968;10.189352;2.452289;-2.7577965;-10.637451;-34.28561;-1.2754247;-2.8532605;-19.070564;-1.4855387;-11.104619;2.5736332;-6.536924;-6.731745;-1.5383728;18.387762;-6.4619737;-9.896136;-2.6454701;-22.35815;-1.9898062;-13.540321;15.816313;
-13.30804;-2.8101473;-13.648416;9.457128;-3.9673073;1.7457432;5.973936;1.1830546;3.717147;-0.60811156;-42.848022;-1.083392;-10.506631;-21.797012;-9.285898;-8.425558;2.5446036;-10.095065;-14.778531;-6.459389;14.187553;-7.3528094;-15.490636;-0.3407289;-12.51257;0.3525768;-21.344946;17.765095;
-14.315935;1.8741151;-18.25152;6.354492;-8.171093;1.8259622;0.33452076;-2.6133764;7.159524;1.7881552;-41.94002;-1.7785528;-16.265322;-18.365475;-7.838364;-4.472008;0.6419129;-11.97924;-19.389513;-7.232832;9.079397;-3.9902048;-19.917751;-2.0876818;-10.623008;-3.6329024;-27.137754;20.338072;
-9.058162;2.760006;-15.320937;2.6225874;-7.291024;1.4759454;-3.917642;-1.0856411;5.499529;1.0547564;-37.349617;-2.9408681;-11.742502;-11.6757345;-5.634667;-4.7340364;3.6320677;-13.228037;-17.921864;-6.948262;3.3449993;-3.7069917;-16.303055;-0.7264608;-9.107048;-4.906046;-31.91126;18.817934;
-4.4488487;2.2554317;-11.757191;-1.3659198;-7.8774548;4.211985;-6.3987474;0.35255858;2.1159935;1.9433581;-31.216408;-5.8166685;-8.172705;-8.651035;-8.714987;-6.1708994;5.6569037;-17.564035;-12.755797;-7.469466;0.34152627;-4.024622;-15.119709;-3.3515172;-13.131368;-5.7020416;-28.794098;19.114906;
-2.1698236;-0.13895491;-9.818392;-0.38992423;-8.052461;5.097246;-7.105621;0.24671596;1.4775014;3.7405305;-26.706272;-5.818455;-9.994869;-6.6900887;-6.089121;-4.254378;4.6660047;-17.06175;-7.5936613;-7.7407393;-1.7015777;-6.0311093;-18.528309;-9.88736;-17.08033;-8.04656;-26.970486;20.934685;
3.0974042;-1.0463161;-0.6141707;-2.0010345;-1.3274226;4.4875784;-4.6466413;0.51472276;-2.0623293;1.5396118;-20.821625;-6.0976424;-11.410336;-5.8274784;-0.72561055;-0.74125886;5.8731723;-13.910963;-4.917688;-5.1390276;-2.828432;-7.12775;-15.586124;-15.381264;-25.649107;-5.7215285;-30.179708;24.584356;
10.211802;-3.8930063;-5.5548735;-0.9969747;0.19587827;6.4553227;-10.520946;0.7649679;-0.2728578;3.2325606;-17.062166;0.8803091;-1.3495538;-13.07921;-4.8736434;-2.6951911;0.6711863;-14.97698;-2.21996;-5.0948987;-2.1274579;-6.6718516;-15.957224;-11.217004;-9.349689;-11.62558;-30.597506;26.239786;
8.372851;-8.599245;-4.947622;1.9704111;3.031176;4.650129;-8.6192045;2.3126597;-0.11514777;4.8493376;-14.416736;-1.6597817;2.4361007;-18.703848;-5.664373;1.487639;-2.7745323;-11.592308;-7.7037096;-2.6052938;0.44221115;-2.5784853;-20.01102;-9.109735;-4.2107105;-9.3549595;-31.93457;25.430033;
4.420849;-12.520459;-7.5721116;5.424272;0.7157371;1.2032257;-10.875832;3.2530754;4.3214426;5.0048227;-18.453821;-4.9476748;0.6656473;-19.8091;-1.7444198;7.032532;-3.3518498;-8.33117;-17.691498;-1.297076;5.5007524;-3.567729;-22.15512;-12.0320015;0.050142407;-10.539352;-33.865597;24.631983;
6.078806;-15.100521;-12.801128;6.7534504;-1.3381474;0.4175371;-9.0029335;3.275861;4.807966;7.338674;-16.352566;-6.0041933;-5.327925;-20.837002;-0.864565;12.942474;-7.853425;-7.4476957;-22.044882;-1.0031242;8.112861;-5.539134;-19.262962;-14.25762;2.2904234;-8.720991;-29.14478;25.325226;
9.888062;-17.344671;-15.455889;5.7836213;3.3128328;2.9394388;-5.6491957;4.7299547;6.6520824;4.4461718;-10.872934;-1.3440868;-7.0534925;-23.726583;-1.6484587;13.685649;-7.14485;-11.588173;-22.102165;-2.282953;10.833763;-9.90956;-15.268496;-16.996626;0.6032231;-2.0781734;-23.048586;26.035788;
17.554949;-11.271164;-18.393024;4.9200635;5.190257;3.5468493;-7.204485;2.7191856;8.245964;-0.49402565;-2.9001927;2.4887168;-12.531308;-24.912401;-2.3382337;8.322047;-6.4419675;-12.264779;-20.702333;-2.1693223;12.083679;-16.14894;-16.685398;-17.037678;-6.8759804;3.3230162;-18.87343;26.331264;
19.604225;-11.276306;-19.690159;4.1333256;3.407478;-1.3288496;-7.6866293;1.669251;6.394106;-0.065235406;3.0890646;5.069932;-7.864387;-22.203665;-2.3630095;2.7854855;-4.918002;-5.682249;-20.663107;1.2767544;15.929676;-13.8716345;-18.682861;-16.199171;-11.674822;3.6180968;-16.12947;26.30741;
20.645712;-9.478543;-18.651112;3.777141;3.293183;-3.8261352;-5.776615;-0.830828;0.9420992;-1.9278398;3.683785;4.5888515;-5.4075656;-20.937553;-0.773791;0.20678142;-2.0369804;-3.5495286;-17.147009;2.8052342;22.641825;-9.433955;-16.411047;-13.973048;-14.190488;4.1449003;-19.481853;22.909994;
13.977195;-7.714771;-12.879058;7.6506014;6.5165024;-4.75258;-2.321966;3.379152;0.7751998;-9.769162;4.0512943;5.0672183;-7.1868563;-21.594753;1.1188285;-4.8856497;2.919463;-0.26388437;-7.6727057;3.3295321;28.549469;-2.513713;-7.9716263;-6.3944616;-14.8508835;1.1612868;-18.001837;19.369644;
7.20417;-3.2522664;-14.187735;7.216759;6.4321995;-0.86746854;0.03472379;4.3921256;6.38957;-8.612713;1.6273698;8.074258;-7.023947;-25.800652;-0.991169;-4.1923876;3.9066772;2.8793406;-3.9257116;-0.44460857;23.423866;1.9296628;-5.1239176;-5.6018763;-20.049322;1.5935152;-22.984913;16.319735;
7.3010006;1.654644;-17.87457;-1.3671045;-0.7176807;9.981861;-0.33771816;-3.4025664;9.742459;-2.7389412;-4.929085;1.2980374;-5.8526907;-26.148077;-3.8463647;-3.300116;-2.08322;-4.228741;-1.7140641;-11.968318;9.063021;2.5965242;-4.9322696;-6.4684553;-27.097004;3.0432556;-27.669754;19.849165;
0.2621553;17.42051;-24.805876;-9.785918;-5.74111;20.746365;-5.8361096;-8.218028;1.4271486;15.085034;-1.3995522;-9.933418;-6.891093;-23.15381;-5.3827915;7.0284696;-10.168331;-3.2656531;1.6130557;-26.758005;-0.41948938;12.236557;-12.3014765;-10.70536;-26.040905;10.256045;-31.031393;9.151824;
7.0598574;15.1773615;-25.59074;-15.119253;-5.33416;16.613361;-9.56681;-13.122184;-1.3212341;14.874386;-14.960639;-13.842425;-6.633974;-20.930946;-6.590879;0.16263576;-14.816863;-5.8054366;10.941275;-26.580288;-2.9224925;6.05023;-17.64148;-14.021164;-26.84199;2.9930315;-31.559778;20.156498;
7.4710693;11.919864;-21.244413;-16.103271;-4.208045;12.096841;-8.458219;-10.539072;-6.317541;14.406628;-19.356665;-8.300513;-4.5815845;-15.547744;-1.3992099;1.0591917;-14.161418;-3.802793;12.148153;-25.0196;-1.2585464;3.2512865;-15.694061;-15.524565;-28.08988;2.893555;-30.01991;22.191761;
6.273202;8.698334;-20.186506;-12.938267;-7.2321434;8.210757;-9.78649;-10.092433;-5.353712;14.117308;-24.381832;-4.4829707;-8.526363;-11.130891;1.8869644;5.0627813;-10.824724;-4.418961;10.706717;-18.354507;-0.8558328;1.7286304;-15.847557;-9.914162;-26.489897;1.079628;-27.451141;22.146322;
-7.5496874;7.25861;-16.727713;-8.270681;-8.218797;2.9701695;-11.134611;-6.369028;-7.6284037;11.442051;-29.94978;-10.263672;-10.540471;1.5154998;11.300626;5.8817754;-9.722612;-9.993617;3.5315428;-12.893428;-4.978466;-1.7619387;-14.447252;-2.5132642;-30.948376;-2.3136835;-18.747673;21.275923;
-11.713112;1.3573438;-15.175226;-2.773185;-5.0422325;2.1351004;-12.175262;-0.95852524;-3.5299065;4.1998963;-33.253304;-11.846618;-9.573758;14.285104;25.065258;3.0800698;-9.708051;-17.907722;1.5586534;-13.246253;-4.4493833;-7.236717;-8.98609;-2.6854482;-33.14156;-4.4302325;-15.897471;19.211506;
-9.946758;1.9509622;-14.912731;2.6741364;4.1728086;0.38308334;-10.34749;1.7634802;-6.802459;-6.5931883;-34.8377;-5.8391275;-5.0811787;11.895819;29.276594;0.82588273;-9.5666485;-19.94874;-1.2486589;-19.052582;-1.9221454;-10.488183;-10.129718;-5.815247;-33.940178;-2.273793;-16.19616;17.511763;
-10.309949;0.33373916;-11.795669;8.886521;6.4405365;3.1267557;-11.013813;8.285786;-10.022223;-5.488316;-31.866943;8.296907;-2.6614707;3.4186876;20.268192;-5.464452;-4.9302473;-15.329301;-0.25989622;-18.81018;0.90697086;-8.1208105;-17.927387;-18.911057;-28.641531;-0.7381341;-14.530368;15.903687;
-9.5846615;-2.6904407;-10.296987;6.758631;8.609046;2.6472788;-12.384014;7.2937307;-12.697096;-3.5186296;-35.98611;6.0729403;-7.2320724;-0.87280524;14.723538;-12.37916;-4.976863;-17.275278;-1.8139946;-11.043094;4.7616863;-10.160335;-26.498192;-26.696516;-25.528038;1.4088488;-18.629156;17.176893;
-3.2879646;-4.076482;-4.5673547;1.2008439;11.379267;1.1656859;-12.128316;5.2851653;-16.600113;-1.7426544;-33.986633;1.8544121;-8.374638;-1.9856471;10.215418;-13.249099;-0.1163609;-16.841902;-7.14594;-1.4663558;5.5218673;-14.6819935;-22.192638;-21.490118;-21.77655;1.1679683;-18.265322;18.479765;
0.59588206;-0.3034469;-3.0435748;-3.886352;9.3078985;0.9510441;-16.24338;-0.39643842;-15.915775;3.52993;-27.071177;-4.5163054;-12.906064;-3.5120533;4.268979;-6.375079;-0.42013872;-21.767141;-15.19121;5.2083917;0.13883233;-15.981432;-26.206512;-16.331398;-24.264465;-3.007001;-20.43978;20.53855;
1.5203917;-0.016322494;-7.6856084;-7.997599;4.1926765;3.9701471;-17.104368;-3.6271343;-12.833363;5.5510406;-27.543352;-2.0083394;-9.915097;-5.1641183;2.7808158;-0.7841807;-4.33518;-27.116224;-16.883425;3.5679586;-3.1099234;-17.41193;-27.560272;-10.498614;-24.749088;-1.3839786;-23.189621;22.56062;
-3.0509734;0.96872187;-8.594711;-10.344239;0.3158484;1.8634912;-13.39263;-3.163309;-13.9909115;4.373884;-24.78967;-3.0322208;-6.941645;-0.5509574;5.1737814;3.221942;-6.041568;-29.33942;-16.200106;1.2740834;-1.2473645;-14.757176;-21.401047;-8.928034;-24.101053;-0.8984457;-24.235788;22.5279;
-6.2038097;1.7349533;-6.914021;-8.84836;-0.38808477;-3.6366444;-11.538472;-3.4378047;-14.642826;0.9651793;-24.243076;-2.5861096;-6.5384912;3.8473616;9.966172;1.3595135;-4.1632752;-23.285479;-14.698601;0.09017652;3.0409408;-12.871783;-16.88266;-11.51503;-24.742922;-2.4243093;-22.845818;23.447853;
-1.8050718;3.5055313;-1.011118;-9.661334;4.5405664;-7.1328993;-6.753211;0.57003367;-17.463913;-3.185903;-15.172781;0.05729109;-8.168354;4.488453;7.953394;-1.8316711;1.9157009;-22.264776;-10.99928;-0.6001026;3.6827364;-10.225635;-11.798889;-9.958129;-35.32455;-3.912566;-23.938734;22.633577;
8.508423;-4.315324;1.0462946;-10.309879;15.445164;1.857402;-4.553866;-0.5976717;-13.485352;-4.3070607;-8.523385;3.944467;0.0911165;-3.2127788;4.316398;-11.368012;4.687519;-27.758507;-5.700288;-0.14468998;5.065407;-13.340884;-7.9478965;-8.151066;-25.475422;-4.1678753;-22.349329;25.908422;
21.882694;-2.9709601;0.5924001;-11.455805;21.315472;5.156584;-8.778171;-7.9718895;-11.396846;-4.4003654;-11.388313;-0.9481417;3.2552295;-12.616;-0.74542296;-11.460537;3.8777094;-33.90129;-0.23869735;-1.194206;4.262617;-22.961672;-3.5437455;-13.157815;-16.810316;-9.935023;-19.68948;26.41854;
21.561436;-4.4197245;7.6720676;-12.419068;23.128695;-2.917634;-5.6651716;-6.169483;-8.932079;-5.7632217;-11.804822;0.77402854;7.6084013;-9.790114;7.8889594;-15.474219;4.893654;-35.035896;2.9293904;3.6425142;11.494619;-29.087484;-0.31612098;-11.060622;-16.750643;-13.424759;-10.431567;23.968967;
9.17914;-5.0521407;8.389166;-9.927474;24.991304;-11.983246;-7.1503325;2.595209;0.6552279;-3.3643265;-3.5858974;2.313587;5.8942842;-10.058993;9.248441;-6.8811474;7.776425;-29.515392;-1.1236224;-2.6554356;18.437777;-13.878041;6.777357;-11.744455;-27.037142;-5.315365;-2.4781895;13.820712;
-5.584755;2.9959407;-2.620391;-12.530485;14.259143;0.78583395;-3.5649147;-3.408258;12.645188;0.9721987;-8.741193;-13.866851;2.3967097;-16.725405;2.740798;4.482552;3.3666594;-23.44652;-2.6868966;-19.640802;5.0690985;1.9498879;3.3198233;-17.390429;-39.88677;-5.8578715;-19.614977;17.026228;
-8.074836;20.316742;-16.302296;-16.617895;-2.3209915;16.690447;-12.527927;-8.198639;-0.34033328;13.507707;-9.089413;-31.334553;4.9513855;-23.145897;-7.1502824;16.326546;-13.625173;-22.121958;-6.5754123;-34.17264;-13.387562;14.820824;-9.645737;-21.16638;-38.89958;10.132755;-28.720192;11.4606285;
0.58796644;13.600589;-22.79725;-15.933246;-6.21996;13.749289;-13.780829;-13.74673;-11.415677;11.948542;-17.815245;-17.703693;5.048209;-20.261812;-3.0707486;11.907481;-17.994324;-8.741033;-1.7826226;-29.819176;-14.296408;11.024594;-13.055418;-18.654512;-28.2909;4.074036;-32.371925;20.923025;
2.2556193;4.581421;-22.446568;-19.801888;-5.423911;4.8355355;-4.4093566;-11.985894;-12.7737665;8.728644;-21.267622;-11.432625;2.2246118;-17.458183;2.2570693;6.753337;-16.875172;-12.009872;6.0503526;-16.226974;-7.6724296;11.08704;-7.087955;-10.107973;-25.92019;3.8984957;-16.919552;21.627005;
-1.2325397;3.711441;-15.327544;-18.439556;-4.9675617;1.5645676;-5.2459645;-6.8898015;-13.733787;4.34174;-27.851076;-7.78376;-1.2858992;-8.815509;7.614295;7.7169647;-10.307306;-12.673859;5.180686;-16.009964;-6.1292014;6.51325;-7.473902;-1.4332336;-21.77954;3.8909245;-17.815002;21.413933;
-8.749181;1.6264814;-10.219407;-14.008919;-2.898214;-0.22505462;-3.242863;-2.6300235;-13.07724;1.6003754;-32.185295;-9.5505085;-4.8043656;-0.018677577;12.588925;8.261436;-6.4111376;-15.383294;2.9132752;-15.346681;-7.3924527;5.0190635;-6.65419;4.7974577;-26.88596;2.335207;-18.836237;20.892906;
-14.112885;-0.6872301;-6.9127717;-7.447906;-1.7385374;-0.89440054;-2.1913505;1.3098502;-12.4464655;0.11607972;-32.816654;-12.739058;-2.9640863;5.927602;16.061092;5.9282866;-6.2234635;-19.309721;1.4592566;-14.59009;-7.092852;3.634334;-3.655535;3.8463001;-29.457891;-2.3631647;-16.34164;18.707548;
-17.331133;-0.13380027;-6.7679586;-4.131962;2.689002;1.138812;0.74138266;-0.8837741;-9.738237;-2.496181;-37.981117;-10.89349;-1.3812945;10.721782;22.70082;2.0319364;-5.673701;-23.252901;-1.5148869;-17.489578;-1.2386405;-1.3651528;-2.585037;0.6509912;-31.631685;-0.36765176;-14.255474;15.9934225;
-12.694744;0.79478216;-8.558899;-0.35349435;3.6566331;3.9538379;-0.33527964;-0.7164566;-10.160732;-4.0711155;-40.331745;-3.8316383;-2.5068166;8.429424;25.311909;-2.8877237;-3.3326118;-24.35989;-2.5237665;-25.08162;3.5087073;-7.791994;-4.745872;-7.6364574;-33.52342;-0.33871096;-10.96452;15.458327;
-8.797303;-2.3808355;-9.446327;5.37765;5.0963736;2.5671377;-4.1297617;5.481345;-10.014388;-5.7826753;-37.704796;3.5844755;-8.070128;1.1508087;20.268671;-7.5293956;-3.4472241;-22.57154;-3.3450866;-21.827223;6.319991;-10.0807905;-15.614636;-17.357473;-31.102375;-0.4702832;-16.329031;18.297112;
-12.229226;-5.3591413;-8.058721;6.043765;7.898056;-2.779098;-2.9678557;2.3877077;-12.318384;-3.654924;-37.174377;3.6130347;-9.150347;-1.676047;11.888038;-7.1194143;0.9656359;-20.62419;-2.7981691;-10.286878;8.039083;-13.306743;-21.628178;-17.471445;-21.36243;2.9285219;-19.282661;19.518764;
-9.549696;-5.1129975;-7.3986397;2.3092816;4.4409122;-6.9391603;-2.664087;-3.1701007;-12.265043;-1.7541579;-35.06689;3.2379215;-9.916691;-2.6135428;5.385466;-5.0976377;5.587929;-14.4702635;-9.262538;-2.7125988;8.816952;-13.435238;-25.500198;-10.546986;-21.85422;6.0803;-24.201939;21.56824;
-1.3919669;1.6348182;-4.9769053;1.4608197;0.3441856;-4.617158;-6.8138514;-0.8779507;-10.949259;-1.9256092;-28.12886;0.114653885;-5.661185;-11.533845;0.46244538;-4.0512676;4.3111024;-14.375252;-7.975156;1.1746111;7.2082314;-10.124462;-19.293121;0.6980207;-16.183874;-2.896422;-18.515255;19.347633;
4.365185;-0.49136424;-2.6344752;4.5063844;-1.6472113;-5.6054726;-8.924727;-0.18723565;-8.3231535;4.5178876;-33.01809;-6.7219944;-4.176077;-17.399845;-0.71337366;-0.47393692;5.4274178;-14.901058;-1.8875084;2.8638115;8.845669;-8.471435;-17.979813;-5.1882753;-8.392486;-11.85971;-21.561035;20.379633;
3.4554698;-4.4370327;-4.585774;10.191422;-1.0228676;-6.8527784;-9.418357;1.0769796;-6.9930134;4.911726;-28.839933;-9.307282;-4.4366913;-21.027374;-2.0226672;0.24974334;-0.14180514;-8.565036;0.5282865;7.3763704;14.518417;-5.2712607;-19.225616;-8.443046;-3.491456;-11.15209;-12.883146;19.205652;
-0.3997758;-6.3944907;-6.013208;13.480298;-1.3223212;0.26505828;-7.356065;-1.204292;-0.23610702;5.999535;-32.570812;-14.383903;-9.525811;-22.635353;-2.0079007;3.3879244;-2.2912188;-10.446744;-0.32705367;8.638177;9.952364;-3.6473346;-17.507366;-13.611642;-3.3655066;-6.15552;-7.938349;16.196524;
0.047579348;-6.3150487;-7.0049396;15.097737;-2.608703;7.87499;-3.2946799;-1.2728949;5.630311;6.31227;-31.604467;-14.402538;-10.428211;-23.254433;-2.0672653;1.592505;-2.4444458;-12.611184;0.13932371;7.216459;5.38917;-5.955936;-16.146706;-19.04264;-8.402715;-6.9016743;-7.954365;14.655657;
1.2259092;-5.486297;-5.6489763;8.5088215;2.8032966;15.731713;-0.9352245;-5.118626;6.2860622;5.1410995;-24.228838;-9.365683;-9.769537;-18.32665;2.4296474;0.23066206;-3.72527;-13.502243;1.4928203;6.663625;6.5610876;-5.4529295;-15.311777;-22.615788;-6.3295193;-4.8651505;-7.0674133;18.843792;
2.4513521;-6.0400968;-7.834736;2.981779;6.6327105;16.163551;-2.570296;-11.226062;3.6463773;2.7837224;-19.11202;-5.6165357;-7.5278554;-18.267054;4.5674114;2.3150985;-8.036313;-15.528533;-1.9141479;5.995201;7.743451;-7.6982493;-19.467903;-24.816723;-4.2157764;-6.3057666;-3.397997;24.331583;
7.377699;-6.8262887;-8.2780905;2.466541;6.072483;13.663696;-1.8126187;-12.272783;-0.56059426;-2.4863715;-15.380254;-3.6767445;-9.431116;-17.827503;3.1586463;-0.34033275;-8.656549;-16.412987;-4.1941013;7.549518;5.4615173;-11.600027;-21.158245;-23.588278;-3.515668;-4.772582;-1.2350572;29.685904;
10.700507;-5.89687;-9.477245;4.519973;3.5258298;10.516238;-2.2759619;-9.928488;-1.4406335;-2.0102787;-10.339052;-2.5020063;-11.342645;-16.917048;2.1420567;2.7597435;-8.539175;-15.077436;-6.1398683;6.440623;4.103285;-10.306824;-20.74459;-21.17088;-0.6006451;-3.789118;-0.47110987;32.007473;
11.507336;-8.176874;-8.753007;6.134947;3.2026525;10.6885;-5.459826;-9.979045;0.2045852;-1.5881773;-10.218432;2.33838;-10.88674;-17.158117;1.6780611;3.963113;-6.9730678;-10.830939;-3.9806242;6.7897677;5.3630013;-6.177749;-21.759064;-20.325432;0.16732204;-4.964689;1.0172412;30.623692;
10.755115;-9.575184;-5.0524487;6.098995;2.8973413;11.7768345;-6.9647894;-9.665979;-0.1502651;-3.4947424;-12.4658;2.5867143;-8.475409;-13.975614;1.976816;3.7442756;-6.2615013;-13.36111;-1.6601858;6.3896775;5.216419;-4.9241056;-22.393711;-18.527424;0.15102267;-4.8834977;0.45947027;29.17675;
10.295509;-13.631487;-3.459293;5.580222;3.365103;11.790256;-6.705487;-11.629085;-0.051038325;0.058578044;-15.278278;4.4097323;-7.6148267;-12.255886;3.0887585;5.596075;-6.4722824;-15.112259;-3.4292495;6.1081614;6.734074;-4.787472;-20.598415;-17.652489;-1.0899458;-6.4868484;1.7735403;27.712835;
17.882227;-14.904893;-4.1272545;3.638454;5.603139;10.638351;-5.982243;-15.558787;-2.4711485;0.9743664;-19.148396;6.426187;-3.554309;-9.477671;2.1891205;5.398;-5.6574492;-20.183565;-7.601158;7.8183026;7.694044;-7.5062714;-22.749813;-19.419598;-4.3546076;-7.5119166;3.2258947;25.105173;
16.08265;-14.431636;-5.375008;1.0172702;7.118372;8.56577;-4.2163086;-16.195297;-3.3246517;4.9209905;-20.998575;2.6988542;-7.256474;-7.302833;0.3765862;3.796975;-3.6996555;-24.383003;-13.708188;9.622929;5.4180284;-15.482393;-29.248917;-11.0385685;-14.767194;-6.516882;-3.4807172;23.700645;
17.764782;-2.6380534;-5.2378144;5.0579967;4.1986837;3.2845864;-6.463331;-13.193202;-6.5580807;-1.4624573;-17.287195;2.8783934;-8.079955;-0.85749733;1.9516044;-5.3762283;0.27537853;-28.063414;-8.898757;13.621221;5.254758;-22.758854;-21.032246;-4.4863167;-14.051636;4.2974954;-1.717823;18.924633;
15.232907;-4.407245;-9.874236;7.780909;3.51609;1.5361482;-5.4229364;-10.068141;-4.2597923;3.2597785;-18.12079;2.658902;-8.531828;-5.61245;3.055444;-10.996095;-3.2231662;-27.382364;-6.695614;14.657015;7.3256903;-22.980398;-16.392162;-7.0567837;-21.091337;5.6385403;4.538433;19.01919;
7.869445;-2.5113282;-16.884487;2.8162472;-0.3370114;0.039485395;-6.9411607;-9.426898;2.7630196;5.0901;-16.754272;-2.5729625;-4.551597;-10.139715;-3.284176;-13.0406065;-9.4345875;-22.182768;-4.947062;6.6191654;3.3637214;-12.984743;-12.210261;-5.4573407;-23.72382;11.4679985;7.2421207;21.053709;
2.3092058;-0.3717394;-13.478944;-2.0374174;-3.7686284;0.5704329;-7.567843;-8.563513;6.091279;9.480495;-8.478442;-3.8553936;0.9558274;-12.006565;-6.0190654;-7.577719;-8.155585;-24.838228;-3.669815;2.1985486;-2.4549294;-9.492745;-9.338547;-11.421743;-25.342346;9.881877;2.3136983;20.949972;
-2.7577744;4.8090134;-11.186519;-3.1684735;-1.3683395;0.2239945;-9.738366;-4.073503;9.094447;15.5267315;0.5123825;-4.1788254;6.8309994;-13.450203;-4.9835687;2.3008802;-6.0279136;-15.537413;-9.8670635;-3.5971963;-1.7378428;-1.7132902;-4.867807;-16.297455;-24.297077;2.9062676;-1.8834224;19.908583;
-6.747675;15.084153;-18.321413;-8.924267;-3.806682;8.606263;-16.333752;-6.573929;3.428582;23.837595;4.339124;-9.0394535;4.3159075;-22.70108;-12.016823;10.276542;-8.48006;-7.9653716;-16.919819;-13.22545;-1.2711952;5.9741607;-14.092646;-18.766611;-30.359783;3.9300919;-14.751362;14.842236;
1.852504;13.704479;-23.022993;-13.236472;-8.867085;10.560541;-20.979458;-8.801726;-5.649004;18.207495;-6.7178273;-9.85705;-3.6743577;-26.735712;-12.013436;5.7773986;-14.322153;-9.7184725;-17.251942;-18.112658;-1.3045413;0.92006755;-20.524841;-13.417476;-30.798481;1.6030178;-22.440516;22.52128;
10.654903;11.987591;-21.593428;-16.477749;-4.652896;10.0870495;-17.254444;-9.430379;-8.395874;7.226921;-17.42533;-11.234266;-4.467335;-20.785776;-5.257506;5.861248;-16.490335;-12.486569;-6.986281;-14.839171;-1.7316046;-2.3490489;-14.204935;-2.476366;-33.388977;-0.751132;-18.44184;24.929193;
5.2996216;8.573219;-15.1476755;-15.140508;0.1164515;8.805726;-10.997937;-7.8735437;-7.5313034;4.992319;-17.967487;-11.357515;-1.7924905;-12.606794;-1.9607192;8.872836;-9.747613;-12.4608755;1.6877396;-12.424691;-2.1901119;-0.55219835;-5.2422485;1.4722637;-23.681252;-2.3035913;-14.192044;22.040068;
2.482393;6.1596394;-11.490584;-14.545967;1.563082;5.049623;-9.939613;-10.166707;-6.1464586;5.870052;-15.8948;-9.265631;0.4606585;-11.808286;-3.8793132;8.893082;-6.614144;-9.294911;4.3303747;-7.670386;-3.2113118;1.1546073;-5.5783362;0.7116176;-25.478521;-1.5360959;-14.156194;20.668055;
-2.7652407;3.245041;-10.129541;-14.131245;1.625356;3.8262024;-7.6810584;-12.575574;-3.894366;5.9643383;-18.307255;-8.676878;4.334674;-11.002197;-3.7543564;10.32845;-4.6006813;-9.725831;4.287346;-6.846535;-2.855341;3.1819215;-3.6389475;1.4666053;-23.175909;1.312521;-12.021575;19.34281;
-6.490958;2.704733;-8.867948;-14.551993;1.6306317;3.2909722;-6.9666967;-12.834484;-4.437706;6.7989616;-20.94885;-10.206119;7.3342953;-9.242172;-2.921907;7.8879113;-4.295108;-10.091831;3.884747;-3.420864;-3.9049406;4.888668;-3.1138275;2.2954316;-14.037508;4.18648;-7.7788296;19.565767;
-9.006089;2.3538218;-4.5745807;-11.329929;3.5772257;2.136805;-7.036276;-11.498945;-4.9497623;7.054732;-21.941013;-10.484107;4.8446403;-8.768282;-5.1993403;2.2468536;-4.3526635;-12.168694;5.1152816;3.7474897;-4.4097943;2.9703445;-1.9807384;0.19029525;-4.264414;2.0608034;-2.4145494;18.191853;
-13.478521;-2.1829772;-1.6994002;-7.0408883;3.9480708;2.1320682;-8.735686;-8.738953;-8.821668;11.512665;-23.538034;-9.504039;1.1111484;-9.154031;-7.3183565;0.3785671;-6.10577;-14.739912;8.078787;10.700325;-6.001677;-0.88639224;-1.3142838;-5.580267;5.7237897;-0.6533999;5.8908186;17.744629;
-15.27815;-12.31;-1.973867;-2.2249124;1.7365081;6.2291527;-8.393965;-5.0116105;-11.776185;17.357464;-27.498459;-8.753947;1.6511385;-15.432014;-7.450813;-0.73870814;-7.3538084;-17.426367;6.705714;19.183071;-5.2988954;-6.9491925;-3.169658;-19.62378;3.2908535;-8.390781;11.399517;16.64747;
-18.178501;-13.905626;-6.0313807;0.3875093;1.1785425;8.236763;-7.154153;-5.0083365;-10.539427;10.2779;-31.591223;-11.1125145;1.2580273;-18.92155;-7.6893544;-4.0825458;-8.589393;-19.084108;5.7707853;23.56046;-1.2929454;-8.239193;-5.922021;-28.415472;-5.0859175;-16.284;10.361246;16.003866;
-22.85118;-17.904781;-7.1127777;-3.6517851;4.1420765;5.9229245;-4.2406;-7.414632;-2.4947872;6.491736;-27.345613;-14.280965;-0.70596486;-14.576727;-0.49034393;-7.8644633;-9.079821;-24.911194;5.4753356;21.684004;5.957375;-9.786339;-5.514002;-27.782656;-14.30696;-17.558073;4.4857283;21.201303;
-14.86452;-17.988815;-8.182182;-10.412343;8.0360565;5.013411;-3.357518;-11.518062;0.72085106;2.2285962;-20.198782;-11.562574;2.5196652;-12.737363;-0.86217535;-11.68607;-9.793281;-24.111216;2.8986928;13.699751;5.4262705;-11.074919;-8.476721;-24.33335;-18.31244;-16.630991;-2.248126;26.568562;
-4.6365957;-14.041007;-8.606276;-11.831494;11.353717;5.2256002;-5.784202;-12.819532;6.252755;-2.1931844;-13.160836;-2.2765257;4.9882345;-9.373524;-1.1766493;-12.760401;-11.878018;-20.565037;1.5133243;9.140712;5.538933;-13.78312;-14.494937;-25.084276;-13.474456;-16.198183;-8.715686;28.919258;
-0.6006356;-9.223203;-8.886295;-3.2753932;10.945425;3.829937;-4.1731305;-7.703149;4.176592;-4.798178;-5.900744;-0.5122064;3.576891;-7.7403536;-5.0453124;-10.134745;-8.03005;-15.009545;4.019843;7.3264;5.938515;-12.827822;-14.870267;-20.612555;-7.8121276;-21.376879;-11.996546;28.402391;
4.2391977;-6.554515;-8.638091;-0.14148884;9.135924;3.1474442;-1.9893329;-9.748267;2.8438318;-6.5002174;-10.225762;2.909152;3.5998545;-7.9339576;-4.4034686;-6.4405794;-5.728887;-6.4337;5.104477;8.530031;7.035589;-9.783035;-16.58886;-17.472322;-3.3030472;-20.551817;-12.530483;27.65984;
7.913232;-7.492869;-6.356966;-0.4077388;6.0770483;4.6705747;0.37911302;-11.190024;2.8789544;-6.9543366;-14.772991;5.617463;5.4351273;-6.36401;-1.6084477;-7.1262555;-3.98263;-6.5302176;5.361939;6.4432354;6.5547986;-7.213675;-18.19796;-16.264654;-2.2070084;-16.891594;-9.389218;28.886353;
10.125632;-5.7902966;-3.5915082;-0.3818566;5.0804024;5.342786;0.3016888;-9.798146;2.3049564;-8.470881;-14.860216;8.956893;6.3223443;-5.6724806;1.207254;-7.213912;-2.8793921;-5.3572335;5.4600496;4.596477;5.2406373;-6.0007186;-18.468548;-16.317175;-0.1308195;-12.610888;-6.651519;29.94866;
9.421554;-4.259191;-1.3167473;0.6214435;5.9913187;3.8290658;0.88528484;-9.123998;-0.20996213;-6.0852942;-13.140787;9.188037;5.738872;-6.192402;2.3542912;-4.149362;-0.791995;-5.7210884;3.9832993;2.453325;6.2668014;-5.758129;-17.22363;-15.49433;1.1212915;-11.394715;-3.7188203;29.292969;
8.317066;-3.1367145;-2.7242472;1.1906655;6.153722;4.1266894;1.1305387;-9.905897;-0.48268178;-5.821434;-14.327007;9.307299;3.031638;-7.055936;3.0081704;-1.8560787;0.4285197;-6.6131454;2.7014499;0.5027498;8.767643;-6.4887195;-17.618572;-14.01756;2.2014422;-11.702627;-3.4294765;29.376394;
8.487075;-4.8476987;-5.9954724;2.933031;5.476218;6.241324;-0.115103364;-8.684657;1.524816;-8.541952;-15.741053;9.130634;0.98466;-10.133062;3.5380743;-1.0107714;-1.6170427;-7.995543;0.8948951;0.4023291;9.209143;-6.912441;-22.147133;-16.98961;0.804917;-13.002802;-4.7855062;30.51012;
8.252009;-4.0320954;-7.3589277;5.1269426;2.5095005;6.0314736;-0.2853483;-7.098797;3.3883607;-9.254671;-14.832208;6.828353;-0.43522698;-11.28059;4.045944;0.31213254;-2.6803508;-9.5634365;1.052002;-0.8329553;9.086508;-7.3664713;-22.179512;-15.832343;0.4498663;-13.979951;-4.7522926;31.369518;
7.436473;-5.6067657;-7.1955724;5.9013333;-0.18882169;6.196617;-0.5900517;-7.1486335;4.17725;-8.846422;-15.73326;7.222069;-2.2301846;-11.086542;2.654027;1.1033614;-1.8440028;-8.141433;2.0067883;-0.5195225;10.205122;-6.8720446;-21.164291;-16.016466;0.011184394;-15.265644;-5.1202717;31.48749;
7.0400963;-7.867804;-4.869973;6.1034803;0.9837439;7.6484165;-1.2656894;-7.2484093;4.9659634;-8.320335;-15.212066;8.936303;-2.8875673;-11.801816;2.3281672;-0.3781362;-1.7476501;-7.906575;1.7198837;-1.2182484;10.1069355;-6.0212665;-22.726063;-16.953096;-0.96650684;-15.085899;-4.0847816;31.535414;
6.8708916;-9.35189;-5.3121667;5.507115;0.94547987;8.580766;-3.534668;-7.908436;3.860016;-9.1303425;-15.213363;7.6790533;-3.023068;-12.545955;0.3007604;-0.8876928;-1.9421804;-8.029802;2.55784;-0.11279225;9.621206;-4.722692;-24.290554;-15.664949;0.41393352;-13.431174;-3.521103;31.609707;
5.917857;-11.843076;-7.8426914;4.950621;0.016245157;8.724012;-3.8366575;-9.29041;4.212922;-8.544098;-14.759386;6.514022;-4.977411;-13.398008;-1.157337;1.722164;-3.0377185;-6.2280116;1.934351;2.2226663;9.552244;-3.2834716;-24.110008;-14.051437;-0.10308814;-13.97988;-1.6137216;31.717546;
6.58125;-15.310754;-7.764232;3.0203972;0.012932152;9.527831;-3.8134868;-11.027823;5.164706;-8.393178;-16.94442;7.96338;-4.0822506;-13.058376;-0.3964461;1.2093561;-3.5691662;-6.676061;1.6981218;6.14914;8.353016;-2.927054;-24.424763;-15.057693;-2.5278242;-14.062601;-0.9645134;31.337797;
6.274377;-17.017149;-10.286563;3.4662375;-0.7212109;9.781857;-4.6119747;-11.132111;4.3822803;-7.7536874;-15.039307;6.694887;-2.5292962;-12.453394;-3.3941743;0.91836685;-5.4100804;-4.507812;0.5839708;9.090424;7.385654;-1.8576715;-26.537857;-15.7423725;-4.530209;-14.361988;-1.313616;31.657074;
23.37;-23.487623;-5.099089;-1.4986463;0.5575309;9.586871;-5.62962;-15.283461;-0.97483754;-9.6975565;-17.443766;8.370268;-1.3215184;-15.200072;-3.7334027;2.398636;-5.2385755;-13.979976;-7.65145;16.010952;2.7845469;-7.1906967;-25.881275;-19.497332;-13.593649;-10.826255;5.433008;25.938519;
27.562813;-28.69166;-12.534326;3.326112;-6.078429;5.28629;-5.0910583;-16.425545;-4.3529086;-6.1471705;-15.820345;2.2502503;-1.7747624;-1.9214351;0.33544976;-4.392178;-1.751328;-20.44473;-14.696774;16.03117;4.6606665;-11.48808;-27.955204;-8.515973;-10.998045;-3.1537569;10.108096;23.61404;
15.945983;-16.43063;-5.2277303;14.715511;0.5325506;-1.4169345;1.6924212;-4.483262;-3.5124042;-10.200594;-2.4635372;3.8145323;-10.315138;-3.6826756;2.5632012;-6.6197505;4.400094;-12.425963;-10.666986;25.604664;9.886551;-10.650319;-16.848408;-5.7879405;-3.9683485;2.5763311;12.108089;14.269825;
4.6222467;-2.6651073;-8.723285;10.519536;-1.3921349;2.9031386;-0.21348196;-8.600057;3.9208539;-7.596133;-2.8056235;1.4097215;-7.7530866;-11.700189;1.1449026;-3.0194066;-1.2607054;-7.0166078;-14.4627285;16.560497;2.9234757;0.17231554;-10.446757;-4.3767333;-19.467968;2.9367878;6.824892;16.99741;
0.35311282;6.5878425;-21.12602;-5.07716;-9.319667;10.51595;-9.430823;-18.378036;5.8883753;4.3105154;-13.763489;-7.7281466;0.5049201;-16.975435;-1.6540307;10.297471;-10.768905;-9.090919;-11.47882;-2.360744;-10.386377;13.301863;-11.256161;-5.4807;-32.79791;3.7085018;-10.808244;20.591803;
-2.2219954;13.669678;-24.835094;-11.668538;-14.515187;20.738596;-15.17554;-11.945391;-9.386185;13.7096195;-8.274072;-18.692244;-1.0047204;-22.24218;-9.415965;14.732273;-13.520768;-7.1009555;-6.681673;-12.53442;-17.364435;21.123842;-12.187877;-7.0455666;-31.565388;8.758375;-23.995266;13.807517;
4.7948256;8.922601;-19.45614;-14.254493;-9.710369;9.339778;-15.919253;-8.118888;-10.979386;14.018451;-13.460762;-12.740781;4.309713;-19.46222;-2.5786746;5.067217;-15.900825;-8.557686;0.78138685;-11.282642;-16.549992;11.403389;-8.790625;-8.794724;-28.443842;1.2520645;-33.728348;23.681257;
2.3308141;7.676864;-18.003586;-11.2844095;-9.022451;-1.4597045;-15.031626;-0.73476714;-5.743557;10.211803;-21.813751;-13.134711;7.2778087;-15.340159;-4.8742113;5.5563645;-12.363399;-6.8028946;3.7530706;-7.082009;-14.674559;4.7368426;-3.249871;-7.4437976;-23.668348;1.2470796;-38.447094;25.036997;
-2.380709;8.116725;-14.425267;-7.321875;-7.1926947;-7.0348635;-11.540301;1.0393298;-4.6830406;6.344277;-22.192936;-8.482696;8.301987;-11.443375;-1.5043597;5.0251727;-10.548339;-6.5940404;6.485739;-2.888255;-9.790661;2.8683271;-2.092184;-3.320743;-24.097742;-3.4103324;-33.94281;22.309446;
-5.1166916;10.153155;-11.8818245;-6.266346;-6.5585794;-8.08742;-14.6686945;1.5313623;-3.097322;4.6446824;-27.04641;-12.123533;13.803465;-12.600223;-3.8126485;3.5664918;-9.230654;-7.15113;5.3607078;-2.7934952;-11.195961;4.213663;-6.4573545;1.9662067;-24.787582;-8.37491;-35.591785;23.406563;
-6.2798786;8.575878;-9.245456;-8.459386;-4.532137;-8.085614;-12.0545025;0.78617215;-3.5403214;3.9130583;-28.464724;-12.361215;18.921291;-10.821039;-4.197704;0.72407;-8.440551;-6.910224;4.7278957;-3.754022;-10.104322;4.5491204;-7.479385;4.213426;-23.551899;-8.615607;-34.28283;24.5522;
-7.8090544;6.223567;-6.1528335;-9.277884;-4.015543;-9.507008;-9.466218;-0.08848095;-5.737258;4.7991953;-30.345232;-14.714773;21.92198;-7.5532804;-4.1903386;-1.7933933;-5.8863626;-6.5524125;6.6335874;-5.389338;-7.1773286;5.4508095;-5.464155;7.82405;-16.342672;-6.190137;-30.852165;24.199783;
-7.549842;3.9354873;-5.124309;-8.702463;-4.288211;-8.82793;-7.949536;-0.5701181;-6.2730503;3.5253654;-31.72601;-17.650858;23.421799;-4.8886914;-4.6115294;-0.10736255;-6.4915633;-7.1278167;5.919218;-9.719519;-3.1852279;8.1189575;-3.438164;10.074005;-11.8059435;-4.8441997;-27.07045;21.676811;
-7.2045546;4.4212003;-6.234802;-8.994381;-5.0139437;-7.1666102;-6.4598804;-2.109628;-6.5714474;-0.3365726;-34.332405;-19.550243;25.391533;-4.455232;-4.841284;-0.42397135;-5.3325486;-9.889463;4.9642715;-12.47276;-0.50241256;12.2983885;-1.1163827;11.89437;-17.64442;-8.1317425;-24.044258;19.615488;
-6.465144;2.3705468;-7.231609;-9.830471;-1.5225942;-4.4312377;-6.2475276;-2.6821902;-5.446332;-3.518415;-37.778038;-20.503696;23.073448;-5.9305754;-2.1387372;-0.7502296;-3.4843407;-11.80254;1.737762;-17.603374;0.85176647;12.752021;0.3100772;11.368839;-26.262774;-10.417324;-24.767546;19.650522;
-6.2205563;-1.2432296;-6.0535617;-10.166247;3.6028678;-1.7992936;-2.6795475;-0.88708645;-0.05633676;-5.542423;-34.961807;-20.402386;20.724905;-4.4883237;0.27300355;-0.86720043;0.6986731;-15.798145;-3.382486;-19.952404;5.0176167;8.94195;1.9972401;10.586434;-28.336973;-13.571167;-24.134377;19.23107;
-7.2128057;-1.8691612;-3.9642456;-9.998564;3.755277;1.211131;-2.2412288;0.5047283;6.1260386;-3.761034;-30.368832;-15.521252;18.159199;-1.970366;0.3259114;-1.7332599;0.87219346;-20.099699;-5.671652;-21.32741;8.194647;5.166096;2.0321908;8.376681;-30.814241;-12.387846;-21.743593;18.129671;
-16.212076;-0.19871785;1.2286454;-10.991562;2.3426125;5.2437334;-2.748938;-0.3764909;8.401381;0.04391578;-29.514835;-10.6622;14.906085;1.1556909;1.2180005;-0.48341432;2.7140448;-20.935266;0.29946527;-19.866512;5.088662;5.3433833;3.1245418;5.400675;-31.95381;-9.631575;-17.072193;17.149115;
-19.110416;1.0452805;1.0712472;-8.570868;3.2894096;9.977147;-8.674326;-3.3290856;7.874446;-0.52503353;-31.844671;-14.927162;8.916025;4.932637;3.5707939;2.1982188;-1.5233413;-21.911638;1.7724185;-17.6311;2.4367716;3.6475253;4.6187177;-2.0629923;-31.013988;-11.819208;-11.262152;15.98589;
-19.01356;0.6870338;3.8758283;-8.961381;7.054469;12.151819;-8.36513;-8.582612;2.5431006;-0.76201975;-32.940464;-14.164635;7.4685616;7.2700047;6.512539;-0.38747507;-1.6550117;-24.855217;2.1524894;-16.044155;0.5545958;-1.0823846;4.692662;-7.081575;-30.47035;-9.443686;-5.7459183;13.801205;
-15.677139;0.00033578277;10.225085;-9.504803;9.073655;10.122977;-6.5564537;-10.686573;-2.012123;-2.7621808;-29.159246;-5.258464;6.036157;10.295319;5.834499;-7.0993433;0.37695554;-25.040615;2.0389974;-13.72877;-1.0682995;-5.2129717;5.1430664;-9.067356;-29.215458;-5.1964025;-3.2999299;15.084571;
-6.4412575;-2.963256;11.456677;-8.923182;13.526346;10.517936;-3.607603;-7.6783533;-1.6949203;-5.9405084;-24.655844;-3.7632394;-0.068591446;2.2883818;1.642569;-12.446553;-0.331908;-26.551144;-0.13791049;-6.775198;3.041463;-13.266622;3.3219008;-9.202127;-33.808033;-2.7196562;-7.270159;18.646723;
3.8529599;-7.1154294;3.3681092;-10.998882;23.03568;11.496761;-1.5953665;-4.7303166;2.194054;-7.6150804;-15.710892;-2.7612147;-1.4782174;-8.248347;-3.3977578;-12.84868;-3.0866046;-39.270092;-4.9250517;-1.5474684;7.36787;-18.542614;-3.456088;-12.84472;-27.496922;-7.9432335;-12.025115;22.018084;
16.782206;-8.402807;4.2647877;-11.448657;26.880451;9.197456;-6.3247476;-8.077296;-2.8415117;-3.6628165;-12.357731;1.6622622;-0.56392163;-14.704785;-6.685715;-10.533517;-2.7019854;-38.03931;-3.8410277;1.68259;10.517277;-26.260708;-5.4370832;-13.653047;-16.658625;-13.891003;-10.317762;20.147541;
15.977855;-12.590051;4.742375;-7.200605;20.642632;1.000241;-5.7376857;-8.456695;-4.6379824;-1.5288564;-6.9011974;5.909784;2.7104526;-11.824233;1.2021142;-5.0667152;-0.8808712;-34.73488;1.5847268;3.8724775;9.318329;-21.236982;-0.21678066;-8.470613;-16.53873;-14.28434;-1.6601473;17.388006;
7.851548;-9.346169;0.7833209;-3.7675273;10.496437;-4.0934734;-7.9270353;-0.22829074;0.44253707;-3.2638226;-0.86741185;2.4727874;6.4138184;-2.0025516;5.680491;-1.514366;0.28741172;-28.791334;5.8547387;-2.3685744;3.1450253;-7.8833547;2.8463578;-4.647799;-29.326042;-10.905121;-2.6408427;14.230006;
0.8698149;4.0560446;-8.990076;-8.638697;-0.51884586;0.3398205;-9.037841;-5.6066585;2.7719748;2.7306404;-3.2303703;-9.805348;2.8910556;1.4818021;6.6347156;9.2265625;-12.446502;-22.606117;6.2834873;-13.6039;-5.869186;0.5686028;2.6119642;-8.714183;-36.98874;-3.190204;-14.31354;17.039967;
-3.6603944;16.625687;-20.283552;-11.80763;-8.10087;12.587929;-16.891281;-7.19756;-6.4580755;15.573141;-10.41419;-23.411652;-7.950343;-5.8991666;-2.0814574;22.101194;-19.902403;-10.51504;1.3517015;-28.81361;-15.488281;13.940841;-10.968615;-11.9458885;-37.457363;11.378083;-26.85795;9.2456455;
3.8979342;2.5495863;-19.246788;-13.6186695;-13.7803955;0.6589806;-14.476056;-3.645618;-12.8591585;8.759632;-21.3135;-13.356282;-2.2863207;-4.0123773;-1.2362533;9.3508005;-20.32979;-9.876367;10.958343;-19.020195;-10.278736;10.680559;-15.915963;-8.836498;-38.572376;-0.57765466;-32.71591;20.789911;
-1.8785832;-2.4984493;-17.144842;-6.285995;-13.871308;-6.4506702;-8.092806;3.8281927;-13.396613;2.8403826;-28.891851;-7.6306467;-2.0513327;1.0277064;5.8437614;7.609819;-13.494021;-8.920613;13.011312;-10.147341;-5.6879077;12.01458;-11.625672;0.0994595;-33.73897;-1.7591087;-23.88566;18.96485;
-13.806457;1.6404556;-9.587637;-2.5310059;-13.545605;-8.206335;-9.18215;9.60213;-13.337677;-1.4643817;-42.25588;-9.343796;-4.4635253;7.0170546;5.7894588;7.350217;-10.43838;-10.7016535;8.248893;-9.0963335;-9.065359;12.239932;-14.241218;7.107479;-38.200138;-3.7186165;-17.197006;20.538895;
-18.622313;-3.9589453;-1.394811;-3.8921757;-7.2833385;-11.222676;3.2271497;5.7992816;-6.7505198;-9.579986;-54.184666;-10.367889;-3.1495974;18.767498;10.368763;0.06326008;-2.0048912;-18.53987;2.9124565;-7.5735126;-4.071403;3.2623134;-5.54657;7.204427;-46.902073;-7.214772;-10.605665;18.306726;
-12.641999;-4.6905055;4.691267;-4.2926426;-5.5015917;-7.8528175;8.883287;-1.4820573;1.2511005;-10.240109;-45.11113;-3.9468155;-0.45448822;24.053099;15.016875;-4.362159;5.624264;-19.032713;-3.2401257;-9.0329895;6.0543513;-4.5880566;3.8662925;4.458241;-37.513897;-0.40234524;-10.344582;12.075089;
-9.177529;-2.6775575;6.4290643;-2.0445442;-0.9096343;3.2370386;3.8479154;-1.7182117;1.2424452;-5.0175233;-39.00761;-1.1297494;-8.128313;14.039585;5.78772;-7.562711;6.1645575;-26.441664;-9.159265;-14.916934;3.298482;-7.136005;-1.7304946;-0.4705671;-42.18603;3.7024426;-15.247666;12.2176285;
-4.4660854;-1.9051071;7.5893145;3.5733333;2.3143225;6.707731;-5.1387424;2.0823424;-1.1516484;-1.0747039;-36.787045;-0.8498875;-12.047309;1.3091406;-3.2388692;-7.258862;-0.18012947;-24.050226;-11.546079;-11.615713;-2.8647022;-13.936985;-12.1678095;-5.4635057;-36.415802;1.7028365;-15.195157;14.418053;
-0.1960656;-2.130862;8.95786;1.0871186;2.927638;3.4447923;-5.7156973;-0.94566494;-3.0821834;-1.3126378;-37.115826;-0.1553103;-10.638107;-0.86169624;-5.2360992;-5.7051096;-0.960779;-23.305155;-7.850959;-3.602259;-3.6739302;-17.79546;-14.543497;-5.1006346;-31.09422;-0.2553305;-12.056644;18.742762;
2.2783344;1.6726896;6.1248293;-2.5399659;2.646443;-1.1690198;-1.674602;-4.222909;-4.5405903;-3.2846932;-36.47168;-3.536004;-11.817309;-0.24722607;-4.2256627;-3.9185095;-3.5768032;-23.903584;-10.208524;4.3005915;-2.4900804;-17.758924;-14.839498;-5.6871886;-34.172024;-1.536223;-11.44001;19.620111;
5.199684;6.2362328;5.5279875;-7.6682997;1.4465995;-3.8131151;1.3848884;-9.846237;-6.2233534;-3.4588585;-34.8526;-1.6954747;-10.989809;-0.3290932;-4.424608;-5.4105773;-5.0554285;-28.330381;-9.968032;8.838511;-2.7583723;-19.026894;-14.409641;-6.5973315;-33.64819;-3.085473;-11.148708;20.937235;
3.7383873;6.694775;7.745153;-12.790503;2.8642282;-4.706603;2.588903;-9.476;-7.6691227;-4.5538464;-33.65593;-2.2439456;-8.647224;-1.875909;-4.202495;-5.276995;-7.184152;-30.764313;-7.9584246;7.949914;-0.27466524;-20.565714;-11.878771;-5.142487;-34.293446;-5.9337387;-8.323731;23.175694;
2.969058;4.590193;8.348813;-17.051132;3.8328722;-7.0013723;4.9347453;-8.297852;-8.014436;-4.116729;-32.079697;-3.4279797;-7.879069;-0.81883067;-0.62425005;-5.0559187;-7.400874;-31.992823;-7.2852983;4.702133;4.7382536;-22.107105;-8.108391;-0.07831795;-33.82788;-7.306257;-8.921368;25.249157;
7.628006;2.1205945;8.919333;-17.436043;2.0657506;-6.1518126;4.9573007;-8.096461;-6.85165;-2.3791356;-28.996273;-3.4298768;-7.1775165;0.75738686;0.11105881;-5.272618;-5.0043864;-28.42324;-7.7186594;0.66427886;6.6895175;-23.31043;-6.6240344;3.7289894;-27.742683;-7.135614;-11.297606;26.525946;
20.53869;3.7098942;4.289281;-14.043147;-0.1357823;-0.3229208;-1.7424066;-8.189554;-5.195196;-0.32099953;-28.28959;-5.921531;-3.9600146;0.010303825;-4.280414;-3.6423442;-2.5554028;-23.207281;-8.662989;-3.1946607;4.959339;-20.846127;-3.7273686;5.7301793;-26.670885;-5.703185;-12.744367;22.950243;
21.181637;0.5615262;2.4523687;-13.075031;-1.3480072;5.1028647;-7.742686;-4.1716323;-1.4021004;-3.881649;-27.584673;-2.2787519;-1.7271423;6.1028976;-2.1669698;-7.755973;1.5610305;-28.288559;-4.726762;-2.0706227;7.731074;-16.671919;1.2635849;7.028402;-29.896835;-10.996964;-13.121068;18.919518;
9.796924;-1.5556798;6.563488;-10.687181;-0.75581634;3.864605;-8.655007;1.3931203;5.6323605;-4.4194803;-22.864521;0.43524027;-3.1233282;10.510439;1.4798639;-1.7085855;4.74233;-25.525608;3.1432617;-1.8222144;7.301485;-9.07839;4.6409216;8.375097;-34.62697;-7.9010687;-15.304441;16.392311;
-0.20697415;1.4175376;4.632241;-9.883392;-5.185115;5.888062;-11.284061;2.6284018;11.932905;-5.4180803;-22.905304;-7.229148;-8.386459;7.539827;-2.4306731;1.7859578;1.8008457;-20.30303;11.075846;-10.668904;0.083753705;-2.6650875;0.65987134;4.7812843;-35.91505;-3.21981;-20.515026;19.18842;
-4.1879325;9.885402;-5.2145615;-5.11728;-13.23574;14.259189;-15.560335;0.41560423;11.289693;-2.026657;-26.472132;-10.936464;-6.098678;-0.7662995;-9.880349;0.09706077;-2.1771767;-12.051848;21.91373;-24.64458;-7.594665;2.3505578;-5.259226;-5.7748804;-37.91855;-5.434864;-29.8181;22.839298;
-9.430002;19.682564;-8.2222595;-3.4943898;-13.662752;21.682476;-19.150166;-5.129474;2.9246795;5.5970173;-24.396233;-10.103588;-8.28182;-0.60213673;-11.488047;0.4438553;-0.4877562;-7.2718186;30.114006;-33.567852;-8.832928;7.1675634;-9.247741;-14.861761;-34.097794;1.4519;-32.546017;12.517801;
-2.5874596;14.6726055;-7.9967155;-2.316682;-15.565111;14.471014;-17.807123;-12.063449;0.58345807;2.9523368;-21.569563;-5.7214274;-3.675508;5.299017;-3.1457822;-5.3342595;-5.735723;-21.96734;33.64478;-29.770884;-6.80109;-1.7624646;-5.927196;-17.38017;-43.77623;4.3725314;-35.037037;12.357246;
1.0331155;9.536342;-8.577892;-5.3330703;-15.088627;18.480675;-18.914856;-6.73995;4.850648;-0.8377899;-19.919876;-5.271592;-0.023102894;-1.3467313;-8.932176;-2.869006;-14.532325;-25.363764;22.449678;-20.95957;-5.5011897;-1.1076121;-12.423685;-15.463434;-50.07706;12.241623;-39.348454;14.515803;
1.769805;5.6072655;-1.4039989;-4.0577507;-10.735859;23.588072;-20.166946;-13.562432;0.119849324;5.490583;-24.97351;-4.8344073;7.865714;-0.30135453;-6.2693973;3.0571406;-11.349573;-19.325668;6.651212;-20.328627;-2.0749578;-0.26816803;-9.707837;-6.9258895;-36.190792;12.295958;-38.22321;17.208021;
-4.312572;8.4923935;-9.469506;-10.335907;-5.9822216;24.149332;-21.900536;-14.316899;-10.680027;13.470452;-18.49404;-11.678135;4.1878934;-9.671525;-8.681674;5.144108;-20.688469;-14.099481;-4.5717382;-21.686363;-5.9562473;1.5442249;-17.306572;-8.6559515;-37.037933;19.423738;-39.721497;16.719463;
-8.125902;3.1761422;-12.482727;-8.218255;-1.3430896;9.614285;-19.420399;-5.9566307;-3.2991893;9.691758;-17.276142;-7.059319;-4.2942934;-13.726002;0.17142855;-5.7293887;-22.707943;-8.636529;-11.74234;-13.811119;-3.8404884;-7.9249783;-23.467949;-9.732425;-43.33097;7.601019;-45.370075;22.247082;
-9.884701;12.273407;-17.04281;-8.624467;0.41856796;6.575967;-20.282286;-5.6171284;-6.514578;6.1906395;-28.403984;-5.3453207;-9.077465;-13.01109;0.90392387;-2.7601418;-28.754854;-11.872353;-17.333015;-2.097278;-5.09546;-10.981281;-21.871067;-3.7388844;-40.124622;0.34406978;-34.243034;22.78488;
-9.3749075;18.795647;-22.802673;-3.8426764;-1.512744;1.7390181;-11.7760725;-3.2180011;-8.719618;1.6961907;-31.420732;-2.8279917;-10.196723;-11.779722;2.6905866;-3.552258;-23.078005;-19.101341;-16.49108;-3.2968671;-4.374271;-13.135871;-16.683323;-8.889147;-29.05308;-10.4906645;-26.246195;24.166592;
-22.101772;7.967668;-15.583074;4.665086;0.5330749;-0.74541616;-0.7885555;3.852817;0.06632966;-10.285495;-26.463444;3.7077637;-6.9841204;-8.411133;-1.7818521;-8.357323;-3.9468782;-16.101797;-10.984116;-3.6823227;4.220933;-7.701689;-8.585986;-6.1723557;-29.099737;-19.799067;-14.028132;19.996883;
-24.518286;2.4010196;-11.456513;4.748292;-3.9124413;0.84700966;2.408312;4.1451826;6.069355;-13.647804;-27.57514;6.547271;-5.526086;-4.735224;-4.7339396;-14.466513;5.5512347;-16.802011;-9.098597;-7.144961;8.450629;-1.4837854;-7.4915385;-2.040322;-27.14039;-21.316923;-16.666073;18.247997;
-19.257973;2.1511312;-10.319203;0.7036727;-6.2713947;4.853568;2.702726;3.9788237;8.774197;-14.38655;-32.494125;3.944069;-9.269735;-6.7994103;-9.542287;-12.898213;8.359707;-18.206379;-6.353412;-7.953854;3.4752178;-2.4977412;-6.835882;-0.13012312;-29.234304;-19.45456;-24.88686;20.149296;
-11.098232;1.9785348;-9.512037;-1.0673373;-4.054079;5.244471;1.8537192;0.43340552;7.998494;-9.646715;-28.23842;1.3084038;-8.213707;-5.536658;-7.7640457;-6.8302655;6.9490747;-20.302095;-6.1503825;-7.4060783;2.5513954;-3.3947186;-6.899197;-3.0365674;-21.72862;-12.526874;-24.38705;20.612196;
-5.6806564;8.921373;-7.0675817;-3.8704884;-1.2896805;7.341166;3.7108638;-2.5852284;7.4333286;-9.352295;-27.484068;-6.503171;-13.898162;-2.9920564;-4.21662;1.4156963;4.5017433;-20.153791;-4.1435237;-6.4463882;-3.082189;-5.961034;-5.585951;-9.268098;-23.666416;-11.716362;-27.193188;23.160662;
-1.4157517;7.1907525;-0.08628145;-8.427795;8.09146;10.508824;2.210642;-1.0709686;3.3376057;-8.164499;-31.176914;-12.573536;-9.562935;-8.857341;-8.090287;3.2316046;5.3794312;-14.440801;-7.1735063;-5.402434;-8.04895;-5.5418997;-6.3644485;-6.4804482;-28.082703;-4.274473;-32.75096;25.266388;
5.970439;3.0703082;0.8956733;-8.472262;11.827396;6.3098187;1.2810943;-2.4745288;5.448369;-7.0420084;-28.784014;-15.547213;-5.722778;-13.992064;-12.15003;1.7133487;3.0768414;-9.458348;-6.1158805;-0.9673812;-10.011248;-9.313148;-8.26257;-9.764848;-18.79419;-8.694221;-32.259853;28.145927;
10.385471;-1.2521789;-0.8312751;-2.1458614;6.8667507;2.6350121;2.2807686;-3.6088996;3.6840274;-2.3589463;-24.231462;-17.248812;-4.2527704;-20.077042;-12.960637;1.89478;4.3946342;-2.4591045;-5.959326;3.0080848;-11.188395;-14.312429;-12.26874;-6.952506;-13.216617;-10.42514;-27.763758;28.655912;
16.161055;1.3489438;-3.862819;5.688622;-1.0031097;-0.05989641;-2.0260026;-1.0982711;1.0646793;-5.0031314;-19.115248;-18.340687;-1.0618;-19.53932;-12.711726;4.399923;5.490121;1.0496756;-7.5962963;0.86095583;-8.73612;-13.280177;-13.7873745;-12.171257;-13.407747;-14.083678;-32.771866;25.710373;
20.683025;-0.60251355;-4.061607;9.324354;-5.0938034;-4.9872756;-7.5761476;4.0229874;-1.4704967;-6.5994697;-14.019834;-11.659012;-3.2223115;-16.617481;-9.154596;-0.76769656;9.77974;10.666337;-5.146855;0.677754;-5.266474;-9.948661;-8.1488285;-13.305797;-14.631864;-20.528809;-33.610672;22.625854;
10.414354;-5.327342;-1.0636669;17.89152;-1.8670408;-4.9022827;-6.2151995;8.190391;-2.0017846;-3.3772302;-6.397891;-10.554657;-8.631449;-15.265195;-9.348369;-4.8724146;13.846409;27.090012;1.7654727;-0.8104097;-1.7906485;3.6511784;-5.701515;-13.155154;-17.949322;-17.642832;-31.223267;18.699694;
-0.5879661;-2.2602777;-0.41148815;17.479822;0.47122478;-1.1572219;-3.8866186;0.58101004;5.724347;-0.10963248;-3.6385517;-14.127663;-2.9657195;-17.862246;-13.857194;-2.7780533;9.649047;34.1422;7.0335445;-6.257872;-3.646243;13.755863;-5.606979;-11.898165;-20.161697;-14.011509;-33.137405;15.652789;
-6.4956226;0.85969925;-2.7489257;9.740572;-4.2943;5.4596086;-5.0504665;-8.032373;5.558056;0.6884099;-3.508031;-15.3624325;1.1681781;-16.623865;-13.381656;0.24276279;6.756222;23.45277;8.39251;-14.615716;-6.254129;16.623913;-1.7780566;-15.423378;-22.816393;-12.144686;-37.849968;15.905985;
-12.309319;6.570804;-8.104682;0.032624338;-7.6054325;12.749059;-7.5731416;-13.420932;-0.7375536;0.6637199;-8.127755;-14.071846;5.020873;-15.411711;-17.03103;2.6802433;5.2091646;10.6837;8.700539;-19.82497;-6.7435164;20.105446;1.3741653;-17.740734;-28.428022;-5.130532;-42.25585;10.358598;
-11.591013;4.1918073;-14.040089;-4.7439713;-8.866216;13.270505;-13.20567;-13.568399;-4.2256308;4.0991282;-8.268099;-9.999115;9.44616;-11.366773;-13.402315;0.057767577;-1.8585289;0.73951674;10.183629;-21.611547;-9.314909;20.830917;-5.8517923;-14.621704;-32.01724;-3.7047374;-40.607178;12.610412;
-5.8081837;-0.11160971;-19.40204;-12.153675;-6.3284645;8.910157;-13.769529;-10.001628;-10.713287;9.508121;-5.522012;-9.110015;5.2746205;-3.6910427;-2.4289534;-2.3054829;-8.756601;-7.6730456;10.655104;-18.375519;-1.798989;19.445763;-9.9202175;-16.065723;-38.33249;-1.6854529;-37.078087;13.490282;
-0.03377235;0.19746041;-15.905916;-13.976076;-3.7683802;2.8699832;-10.401138;0.732907;-3.4690247;2.9764504;-7.603117;-7.1375995;2.888372;-1.6911517;7.0788503;-3.3934932;-7.8184667;-1.9859006;7.696661;-15.658994;2.5547972;12.258128;-3.7529795;-9.832108;-35.83651;-6.670824;-34.254826;17.795633;
2.0904846;1.8096026;-10.38916;-8.341838;1.0386026;4.244726;-8.008774;5.1247315;4.3847075;-2.3372297;-11.900812;-4.8187685;4.971311;-4.9350414;3.4644299;-2.7055926;-0.5937324;2.1654873;2.460454;-15.220819;6.3013024;10.145743;4.663947;-6.8721147;-34.746807;-10.102114;-32.398308;17.023848;
-3.9374392;3.4816103;-5.2740827;-5.3820114;-0.62620604;6.2065377;-5.538519;3.2892947;8.126253;1.8493968;-14.535942;-9.964157;7.006296;-9.45323;-0.94500816;-1.1832128;2.961949;-7.051215;-1.067805;-16.514713;4.471663;7.0184884;6.831189;-9.867022;-35.367588;-8.867394;-28.346815;15.827641;
-1.8403778;4.7740307;-5.3930197;-9.375795;-10.387665;6.93288;-9.583425;-2.72405;8.376386;8.162855;-19.73694;-17.896059;2.6332266;-8.709294;-3.7308254;4.5365767;-0.74879795;-11.042921;-5.919377;-19.067781;-1.2900248;4.7057734;5.76417;-7.1643944;-34.74565;-4.9982004;-34.148766;16.645716;
-4.3262196;12.358083;-10.245509;-6.968957;-16.917427;11.122494;-10.9855585;-5.2842793;2.2745283;14.368927;-16.628014;-25.885283;-4.1984606;-12.118384;-10.574203;13.50075;-1.5090338;-5.374128;-5.56136;-19.639791;-7.5617013;7.498086;-0.11660206;-9.0602255;-32.945206;-2.9025335;-42.64664;13.422983;
-1.5771103;11.211158;-11.3410425;-10.011325;-14.408029;5.006028;-14.693914;-6.629047;-2.97848;11.0081415;-16.29727;-27.355614;-3.363499;-11.735393;-10.078077;13.097767;-2.55768;0.5541338;-2.3933604;-19.035606;-12.628096;3.2707539;-5.196835;-5.7560835;-26.95406;-4.609519;-51.927525;23.3546;
-2.448945;8.432563;-11.379939;-11.976839;-11.662104;-0.71626437;-16.25419;-5.8111067;-7.1236477;5.764058;-18.549538;-24.346983;4.751833;-11.076923;-8.936098;11.296389;-5.619615;4.410316;2.688122;-18.401155;-16.021067;2.3687773;-4.5234385;-5.980481;-22.890747;-4.0516515;-52.843315;28.800669;
-4.7304506;7.04531;-9.786246;-14.550341;-7.238943;-4.4262104;-15.732411;-3.891882;-9.282438;3.8998556;-20.498283;-22.923948;10.193736;-7.045512;-7.4687567;10.427872;-6.40233;3.1531558;5.1879315;-20.47655;-17.841063;2.7678828;-4.3876195;-3.9747708;-19.238451;-2.7641637;-52.535294;31.582415;
-6.984009;6.0846453;-9.085668;-13.928773;-6.303767;-4.9495907;-14.469611;-4.7434735;-8.699749;2.889708;-22.43056;-23.669409;11.530185;-4.7093515;-10.420069;9.642423;-5.2309537;2.1870403;7.8371134;-18.338633;-16.520262;3.557291;-3.8083694;-2.8303561;-17.017021;-1.7618083;-50.93382;30.893883;
-9.769303;4.687582;-8.7315035;-12.900397;-5.747158;-5.4924183;-13.184865;-4.891085;-9.263;2.5871134;-22.194592;-25.516552;11.9844;-2.0422122;-12.020477;8.188915;-4.2757754;1.7200361;10.476279;-15.590455;-13.911907;4.353364;-1.7300396;-0.6039969;-14.48437;-1.6455967;-48.867702;29.381865;
-9.450969;4.1642265;-8.2150755;-12.144773;-6.215089;-6.7853737;-11.330081;-4.143341;-8.112694;1.4478596;-21.846043;-28.767385;11.998621;-0.657257;-14.072597;6.0752115;-2.7037475;-0.6155067;12.073127;-12.844695;-10.292189;5.034959;1.5393658;3.6307979;-13.302364;-3.2922628;-46.8175;27.400576;
-9.7822075;4.0288515;-7.325759;-11.1028805;-5.750185;-7.4289994;-8.612303;-2.9504523;-6.973832;3.4540033;-20.451763;-32.048023;10.086216;-0.088802755;-15.23315;5.337595;0.15600319;-2.7667947;11.5620165;-12.726248;-6.574076;6.0555468;4.050642;9.275868;-14.080196;-4.0974984;-47.024956;25.273602;
-8.61167;3.2070312;-6.6501904;-8.9055395;-4.764083;-7.168965;-7.139411;-3.6957111;-6.343668;4.074309;-19.063686;-33.72484;8.186189;-2.132353;-16.622461;5.3125505;0.7978076;-3.1238506;11.6658745;-13.716011;-2.8069725;6.432312;3.9430404;11.589914;-15.442654;-4.3333344;-46.35524;23.128311;
-7.573765;1.2329295;-4.1276617;-8.376773;-3.746037;-7.104617;-5.6918216;-4.2003508;-6.376913;4.1566978;-17.099388;-35.163654;7.5736237;-3.1959832;-17.335258;6.2590055;1.0613034;-3.156948;12.24364;-15.170889;-0.9755776;6.090255;2.0629666;13.969533;-16.289015;-2.366932;-46.26893;22.38262;
-6.342683;1.1342858;-2.4919279;-8.621833;-3.1005242;-6.0296097;-6.145838;-5.160821;-7.0318727;4.1934876;-15.953081;-34.143166;5.754878;-2.3637073;-16.999996;7.2052083;1.1980819;-4.8514104;12.841461;-14.787161;-0.38385785;5.301258;-0.79690933;13.810024;-14.606461;-0.28859514;-46.6956;21.81276;
-6.3940926;-0.32923013;-2.0917885;-7.917281;-3.5205214;-3.3921418;-8.374344;-5.393648;-8.072981;5.0011973;-17.115398;-30.473772;4.575577;-0.91259795;-14.711899;8.601532;-0.3279612;-4.779659;13.037126;-14.493941;-0.6528425;6.5001116;-3.8371713;10.935738;-13.444299;0.3141169;-44.453323;20.988451;
-4.7199364;-0.5146331;-3.4598136;-10.224012;-2.5031023;-3.3024158;-7.7064185;-4.30629;-6.064062;3.8161607;-17.957027;-26.291319;2.5875854;4.030511;-9.16686;7.1585927;-0.12846294;-8.039034;14.178938;-13.623872;-2.4765644;4.2721014;-3.2091808;9.3761;-10.892777;3.4464116;-37.6292;21.080544;
-4.646282;2.2532582;-5.3342047;-9.155378;-1.9658422;-3.1715198;-6.8168654;-3.7171412;-1.4754789;4.1880503;-17.20837;-22.56052;0.28177208;5.484197;-5.1935244;5.8194256;0.7866117;-8.767906;13.6680565;-11.863133;-1.8614426;2.1455164;-1.9019946;7.280522;-10.844915;3.813013;-29.287453;19.788433;
-3.246815;4.971412;-6.9326234;-6.549285;-0.83227324;-3.1638556;-7.6004;-1.814261;1.3865895;5.492822;-15.533397;-21.303825;-2.8133166;4.544797;-5.7816153;4.353638;1.9832925;-7.2627606;12.564285;-11.988447;0.18979645;1.5645887;-1.6322973;7.4728174;-8.217655;2.9316366;-25.961575;18.39276;
-2.272225;6.6601114;-6.8665557;-5.1382613;-0.7130445;-0.99980307;-9.551229;-0.7453379;3.0943434;7.2408834;-15.378903;-19.530727;-1.7857542;4.082868;-7.4582253;3.1656897;1.8836694;-9.356811;13.321112;-13.984585;0.81589013;1.3044275;-2.345517;6.6294885;-6.2665315;1.6396148;-23.621683;18.237467;
-2.7926307;7.5442505;-6.2598763;-5.3818545;-1.3642931;1.2809567;-8.940756;-0.8787052;4.6035404;7.4294577;-17.02208;-17.91354;1.2915328;3.4066396;-6.397593;2.1993;0.5813773;-11.963597;13.860267;-18.672127;0.25396585;1.6821791;-0.48472017;6.2307773;-8.403609;1.034199;-22.920448;18.525057;
-3.5046563;8.864374;-6.5019913;-3.212573;-1.5833293;6.079549;-8.761008;-1.0790334;4.6011906;7.7678714;-21.094648;-14.585857;2.2636228;-1.0338922;-5.674867;2.6345222;-3.4883094;-10.793543;12.561454;-23.205105;-1.1448257;3.2869358;-1.8348175;3.4110138;-11.172477;-0.23780197;-21.249601;18.58682;
-4.144923;11.9975815;-11.480072;-7.328696;-5.101613;11.268357;-11.003784;-0.79050225;-0.2737774;9.197803;-22.912933;-13.699235;1.3913879;-6.024407;-6.9150004;3.9187963;-7.1091676;-10.711772;11.570182;-26.222713;-2.0250342;8.010057;-2.159914;-2.628464;-17.564194;2.6919198;-22.080002;15.443999;
-0.8614113;9.102159;-11.610858;-8.4668045;-5.5256166;8.38142;-8.936413;-1.6736162;-0.4277259;6.802227;-24.893955;-11.140991;-1.3558908;-5.9078374;-4.792258;-2.971201;-6.667563;-11.063594;15.80999;-21.608412;0.7491687;3.6787267;-1.0598687;-2.8793216;-24.082912;0.9154828;-23.095322;17.044477;
-1.9017985;4.568362;-10.420539;-10.414793;-3.739345;8.98946;-8.84983;-2.7330432;0.6627077;8.96969;-25.637104;-11.988908;-4.1844597;-3.789056;-5.20125;-4.2519445;-5.0743356;-11.15847;21.112864;-20.41129;2.87894;2.1554794;0.57378304;-0.8575815;-28.76765;2.12624;-22.245123;16.182428;
-3.6165144;1.3984362;-7.8367147;-12.268905;-2.3305745;12.845059;-8.258085;-4.620794;0.3831222;9.803616;-23.143173;-12.308298;-5.8331985;-4.9745564;-7.854522;0.11303373;-7.3751063;-12.409957;22.392563;-19.668924;3.0449858;1.0961816;-1.8903227;-2.404769;-26.307428;3.7080612;-21.038612;17.284016;
-2.5546288;-0.1697503;-8.212983;-15.878246;-2.295776;17.324957;-7.780767;-6.993181;-2.4185238;8.979867;-22.918068;-15.381914;-6.596312;-4.237073;-7.379538;3.8341186;-10.727803;-14.757721;18.008419;-19.240828;3.1743417;1.3190647;-1.6504091;-2.188058;-28.296867;6.5517344;-21.593657;18.005934;
-1.4988129;-0.7256011;-7.584726;-15.567021;-3.0728245;19.478554;-8.999663;-7.4371023;-4.0181046;8.276888;-21.530428;-18.41116;-10.621531;-3.9135563;-6.122164;5.581197;-12.02583;-15.90594;11.543638;-16.587137;2.6697593;-0.121959984;-2.525949;-1.4186164;-31.933842;4.580435;-19.87845;18.618013;
0.97886634;1.3520148;-8.398896;-14.448114;-3.498079;18.624002;-8.553301;-9.406352;-4.1685457;8.121118;-20.852585;-18.23377;-12.68357;-4.913948;-4.253182;6.246691;-12.6324;-14.2361;6.4312134;-14.179571;2.0580864;-2.0541744;-5.109623;0.8406216;-34.961315;2.8025389;-18.981613;19.549913;
3.166527;3.4342704;-10.484661;-15.132545;-1.96491;16.540817;-7.80611;-6.3382225;-6.4823256;4.8933992;-18.538534;-19.007404;-14.74579;-5.938755;-3.21653;6.1631103;-16.55156;-13.829873;2.384732;-11.15463;-1.212704;-4.209486;-5.6297235;2.057472;-37.34421;2.88109;-17.684872;20.714407;
4.8769665;5.2529416;-10.758712;-15.682012;-2.2340014;13.7823515;-8.99474;-3.3623958;-5.421483;5.0964994;-15.940332;-19.529943;-17.243834;-7.371827;-2.3522854;5.238682;-18.23921;-12.555991;2.8172822;-10.77755;-2.9114575;-4.7090526;-7.2949333;2.7039378;-36.411247;0.876249;-18.330557;21.014385;
3.3236344;7.1967196;-11.249306;-14.20508;-3.094238;12.081712;-9.275871;-4.0693088;-4.886609;6.793053;-16.278255;-18.210724;-16.837103;-9.494822;-1.9085168;5.904312;-17.940195;-10.187282;4.263416;-12.488242;-3.7783546;-4.5725346;-11.007495;1.446014;-34.450897;-3.2299023;-19.420563;21.56366;
2.5465064;8.670773;-13.917758;-14.618743;-3.8713386;10.800992;-10.207475;-3.7228475;-6.50543;5.1757584;-17.676254;-18.657125;-16.767397;-8.891579;-0.9433719;5.8734827;-20.661469;-10.520186;1.0808785;-12.145974;-6.765701;-4.309724;-11.526188;1.0467296;-38.17691;-3.6946836;-20.758482;21.262043;
4.2566366;7.688975;-13.026609;-16.263273;-3.9968848;8.297467;-11.069928;-3.6641212;-6.523218;6.9962025;-17.882317;-17.110546;-18.60646;-7.8927584;0.4491316;3.6488693;-20.9508;-9.294858;2.0954757;-12.132521;-5.816335;-3.689877;-12.472507;-1.0921199;-37.30256;-5.091382;-22.683086;20.963034;
5.4726334;5.7136016;-11.004806;-15.251525;-2.0152166;6.8086753;-10.055662;-4.1257486;-3.9939635;7.345145;-18.094887;-13.6070175;-18.39643;-7.0042915;0.8574923;1.9460567;-17.293272;-8.697969;4.771207;-12.45525;-2.4743605;-5.290275;-11.183044;-1.6310017;-32.820747;-7.0863805;-22.487865;20.341545;
5.137849;6.0515223;-8.510662;-14.780003;-1.9569894;4.5640306;-9.075249;-3.9470954;-3.3327858;9.518467;-16.731554;-14.188059;-14.908984;-6.5431175;1.6313331;2.758424;-16.504116;-8.222255;7.4752207;-12.231783;-2.2528956;-4.805769;-12.151008;-1.3946236;-31.07281;-5.9203596;-21.658405;20.379171;
2.0751753;5.9051185;-7.4785843;-13.812687;-1.825359;4.9898434;-9.98639;-2.086634;-2.6471503;9.492989;-15.132142;-14.526685;-10.733707;-7.5596375;-0.23695244;4.3739533;-16.330412;-10.32451;7.7317553;-13.70485;-2.7327585;-4.143001;-11.795381;-0.9699775;-30.157349;-5.5245037;-22.687246;18.802023;
-2.6899376;8.921006;-9.221942;-11.332038;-3.4761336;5.59403;-12.003608;-3.3900476;-3.055878;12.185978;-17.285458;-14.107877;-8.133812;-10.152884;-0.4591416;6.140107;-18.1114;-10.193905;5.1288824;-15.250755;-3.6070094;-1.6017947;-15.106137;-2.0841947;-29.027176;-4.664441;-23.49843;18.805492;
-10.014976;11.185687;-10.057731;-9.351221;-4.2963667;6.3235197;-14.080359;-3.8122873;-7.100053;13.523895;-20.177225;-13.5280075;-4.145068;-12.639782;-1.2138599;6.5845785;-21.566479;-11.070278;-0.5200874;-15.573417;-6.3375373;-1.2451714;-20.355007;-3.8404992;-29.97623;-6.4061675;-22.77442;19.193691;
-13.102705;12.848731;-8.220961;-9.26443;-3.8200834;6.5889263;-13.562654;-2.108815;-10.984619;9.311163;-17.798288;-7.0299606;-0.6838594;-14.580963;-0.8336896;1.4343369;-25.826588;-11.032964;-3.275587;-9.205774;-8.22982;-4.457446;-22.48587;-6.2280664;-27.47475;-8.843808;-17.072405;20.319328;
-15.093419;12.396849;-6.1657467;-8.283787;-1.2713186;3.5857859;-8.551114;-2.9230006;-14.200228;7.3959055;-15.429689;-3.5642622;4.5553684;-14.693379;-2.2170177;-3.957719;-27.55006;-16.336836;-2.419685;-3.5158749;-5.0826244;-8.390467;-15.321461;-9.805115;-18.612555;-7.6580486;-14.209524;20.69421;
-14.83907;12.861667;-1.8547791;-10.144521;6.4952745;2.8807673;-5.5508976;-1.6924677;-21.965872;5.866963;-10.541858;-0.59538364;4.7599554;-15.651682;-0.72402966;-10.78805;-27.729757;-22.490376;-1.9903502;-2.2164826;-0.10124087;-9.126043;-6.8335123;-10.668177;-12.873642;-6.298679;-10.784244;19.216135;
-10.727464;7.90476;2.3700461;-12.53762;17.107986;1.7572554;-5.067286;5.467086;-20.85168;3.5337615;-8.255405;3.2507732;-0.95633465;-17.4957;-4.031869;-15.143247;-25.903698;-24.736864;-3.4712746;2.1171398;5.0881023;-11.447367;-3.0841455;-7.6432033;-15.223777;-4.14365;-7.1479635;14.093594;
-6.6087055;3.2108612;4.431057;-13.188749;22.789984;7.5801635;-4.904749;10.861391;-6.028798;-2.8528566;-5.6840544;-0.32445794;-9.45808;-18.533764;-9.246081;-14.460572;-15.290229;-27.871252;-7.06413;3.919447;4.8825517;-4.4933167;0.11978793;-9.036074;-29.208761;-10.527393;-9.561365;10.513223;
2.025073;0.32545543;3.1617935;-15.698304;17.879387;14.915441;-4.195657;8.230106;5.490673;-13.168786;-14.058626;-0.7704303;-13.781826;-7.4474916;-3.9916174;-15.0309;-10.041357;-38.38334;-7.094369;0.8754769;-0.56818795;-18.802662;5.033675;-15.277271;-29.472479;-24.651606;-11.324124;18.66831;
7.8799133;0.1894176;1.3038318;-14.149535;16.823858;17.1877;-8.379749;5.287833;-1.0752819;-1.1180925;-8.222333;1.840142;-6.5559387;-5.646535;-2.4493985;-8.694622;-10.4555235;-38.837025;-2.3836355;0.10522625;-3.784408;-21.827436;0.4101677;-18.999746;-15.008372;-24.857817;-14.98243;23.518206;
9.336175;-1.0744433;-3.214193;-8.445237;15.551384;16.73104;-13.235901;0.019344747;-4.96537;0.2739666;-5.1283174;1.894352;-7.166124;-8.777828;-2.4054663;-7.1880217;-8.771022;-40.784103;1.8373742;5.3779087;-2.02306;-21.212688;-4.9693785;-17.657917;-2.6546412;-30.350246;-14.697147;24.279552;
19.519823;2.4014816;-9.220298;-6.50309;18.7123;10.686297;-15.919417;-3.895245;-8.169513;2.1035643;-5.543709;2.386252;-11.674981;-13.08704;-1.5806221;-6.284082;-5.389929;-33.495617;-2.1699383;3.872121;3.0685613;-21.407776;-9.433068;-15.634881;-1.9423928;-27.027395;-12.782608;23.454659;
21.351578;2.6119003;-13.426593;-8.003774;17.237986;0.8480747;-11.990105;-2.8013427;-8.657006;1.7829422;-7.754682;6.7150106;-9.676446;-13.727991;2.3086383;-8.6864395;-1.7996413;-27.22099;-6.7355604;2.3383317;7.7854633;-24.127424;-5.185263;-13.729342;-11.556009;-16.198013;-6.93787;21.671482;
12.187657;2.3809319;-11.627309;-9.441389;10.708452;-4.2476845;-12.747522;1.4905264;-0.79249036;2.5638757;-11.612053;6.0269895;-2.0508254;-12.606164;5.8661437;-7.4370255;1.8514172;-25.869135;-2.0800931;-4.5727406;6.6761417;-19.037224;-0.4597174;-14.067733;-22.431982;-10.606001;-13.893663;19.559612;
-0.062874496;6.6071014;-15.469446;-13.203094;4.975299;3.140555;-10.095257;-3.6682835;7.514579;5.733045;-16.751947;2.5409842;1.127151;-14.183368;6.242257;1.661208;-1.8775755;-28.531397;2.292111;-14.115801;-0.5743625;-6.727108;-1.8034391;-17.615837;-37.397038;-6.767038;-24.162556;17.216347;
-4.1405754;4.7647867;-18.568132;-15.339529;-0.018160284;9.921016;-5.5948467;-9.349944;9.154047;3.222454;-19.968952;-4.348379;6.7440233;-11.267631;0.19915305;6.0830517;-6.337963;-31.525705;3.4649417;-17.820013;-9.558622;-1.8239614;-5.1705756;-18.696245;-41.022438;-2.9652548;-33.080982;21.484;
-13.359019;10.185223;-23.422432;-18.772865;-2.3242946;12.943966;-0.18319778;-5.583955;1.2423337;4.068038;-16.189302;-2.989822;4.809559;-7.361925;-0.85768247;9.157677;-9.922881;-27.450748;4.422898;-18.32797;-12.25231;5.4622154;-3.3324711;-16.688162;-44.177822;2.130878;-35.794777;17.96818;
-7.9002066;2.288144;-21.381037;-18.879135;-1.4092532;5.491622;2.515358;-3.4904623;2.6795533;-1.3769773;-19.776348;4.294461;3.053411;-2.0472736;2.3280504;1.1337068;-6.96676;-17.543098;3.0546105;-12.481579;-8.65728;3.808457;-4.097382;-10.216914;-36.069016;0.17002457;-38.970898;24.718401;
-5.626546;0.2729476;-18.18068;-16.447746;0.46503437;1.5619302;2.1514447;-3.7217684;4.6261187;-1.2630345;-20.938251;7.0350256;2.0188234;1.2143679;6.204861;-0.8883663;-2.2793787;-12.148476;1.46452;-11.463433;-7.0102344;3.241239;-0.5973027;-8.026984;-29.942667;1.0616908;-37.959908;25.197712;
-4.2290297;2.0209637;-17.128477;-14.977727;0.4640479;1.4971597;0.17892873;-7.5500107;4.6687994;-0.060251832;-24.377945;4.995244;2.798308;-4.322903;5.6436067;-0.15850694;-1.8000127;-9.324884;-1.5142329;-10.60625;-5.3396716;2.8565202;-2.679337;-7.6895065;-23.995003;2.22622;-36.220215;25.094242;
-4.901016;0.90593433;-18.323542;-13.564312;0.33631533;0.9532552;1.6128705;-7.6483736;5.006974;1.2174003;-25.371979;4.2726617;5.3473015;-6.6436305;5.7239943;0.49315783;-0.7327972;-9.072988;-4.2919407;-12.881238;-1.4532378;2.7334533;-5.2544384;-4.5561314;-22.300856;2.8683534;-31.876299;24.028688;
-8.632731;2.1925325;-21.019623;-10.702991;-3.1198156;2.5864325;1.3267417;-6.495851;5.23403;4.47005;-24.003946;2.1831331;4.675614;-11.207487;2.5812078;1.832396;-2.628069;-5.5494647;-3.7647252;-14.1261215;1.2999146;7.4304466;-9.631281;-1.0808834;-24.94572;3.7099266;-29.444204;23.390284;
-12.318844;1.1761469;-20.338802;-8.274797;-5.1311903;3.3023677;2.3363895;-3.7046008;3.6782987;1.9636801;-26.1725;2.4549603;3.3169205;-11.891913;0.3015226;1.3514495;-1.5705262;-7.3227787;-2.501515;-13.459958;0.26600492;7.027174;-11.100665;-0.71375966;-30.018574;4.635634;-34.297447;24.194067;
-10.338983;-0.055463016;-18.966541;-7.3398466;-7.4900875;0.59672666;2.8657486;-2.02767;3.2185838;-0.006430179;-27.848494;1.8455081;0.31268868;-9.844268;0.2417115;-0.676553;-2.1574702;-10.203914;-1.1226628;-11.0573845;1.8746572;3.7645597;-10.873751;1.2547297;-29.95747;6.0941787;-35.71883;24.757666;
